Section,SubSection,Action,DedupeKey,Manual Binding
RADIO,ADF,DECREASE ADF1 (1),,
RADIO,ADF,INCREASE ADF1 (1),,
RADIO,ADF,DECREASE ADF1 (10),,
RADIO,ADF,INCREASE ADF1 (10),,
RADIO,ADF,DECREASE ADF1 (100),,
RADIO,ADF,INCREASE ADF1 (100),,
RADIO,ADF,DECREASE ADF CARD,,
RADIO,ADF,INCREASE ADF CARD,,
RADIO,ADF,SET ADF1 COMPLETE,,
RADIO,ADF,"DECREASE ADF1 FREQUENCY (FRACT, CARRY)",,
RADIO,ADF,"INCREASE ADF1 FREQUENCY (FRACT, CARRY)",,
RADIO,ADF,ADF1 OUTSIDE SOURCE,,
RADIO,ADF,DECREASE ADF VOLUME,,
RADIO,ADF,INCREASE ADF VOLUME,,
RADIO,ADF,INCREASE ADF1 FREQUENCY (WHOLE),,
RADIO,ADF,DECREASE ADF1 FREQUENCY (WHOLE),,
RADIO,ADF,ADF1 SWAP,,
RADIO,ADF,DECREASE ADF1 (0.1),,
RADIO,ADF,INCREASE ADF1 (0.1),,
RADIO,ADF,DECREASE ADF2 (1),,
RADIO,ADF,INCREASE ADF2 (1),,
RADIO,ADF,DECREASE ADF2 (10),,
RADIO,ADF,INCREASE ADF2 (10),,
RADIO,ADF,DECREASE ADF2 (100),,
RADIO,ADF,INCREASE ADF2 (100),,
RADIO,ADF,SET ADF2 COMPLETE,,
RADIO,ADF,SET ADF2 EXTENDED,,
RADIO,ADF,INCREASE ADF2 FREQUENCY (FRACT),,
RADIO,ADF,DECREASE ADF2 FREQUENCY (FRACT),,
RADIO,ADF,ADF2 OUTSIDE SOURCE,,
RADIO,ADF,ADF2 SWAP,,
RADIO,ADF,DECREASE ADF2 (0.1),,
RADIO,ADF,INCREASE ADF2 (0.1),,
RADIO,ADF,SET ADF2,,
RADIO,ADF,DECREASE ADF2 VOLUME,,
RADIO,ADF,INCREASE ADF2 VOLUME,,
RADIO,ADF,INCREASE ADF2 FREQUENCY (WHOLE),,
RADIO,ADF,DECREASE ADF2 FREQUENCY (WHOLE),,
RADIO,ADF,DISABLE ADF IDENTIFIER,,
RADIO,ADF,ENABLE ADF IDENTIFIER,,
RADIO,ADF,SET ADF IDENTIFIER,,
RADIO,ADF,TOGGLE ADF IDENTIFIER,,
RADIO,ADF,DISABLE ADF2 IDENTIFIER,,
RADIO,ADF,ENABLE ADF2 IDENTIFIER,,
RADIO,ADF,SET ADF2 IDENTIFIER,,
RADIO,ADF,TOGGLE ADF2 IDENTIFIER,,
RADIO,ADF,ADF,,
RADIO,ADF,SET ADF CARD,,
RADIO,ADF,SET ADF HIGHRANGE,,
RADIO,ADF,SET ADF LOWRANGE,,
RADIO,ADF,SET ADF1 NEEDLE,,
RADIO,ADF,SET ADF,,
RADIO,ADF,SET ADF VOLUME,,
RADIO,ADF,SET ADF2 HIGHRANGE,,
RADIO,ADF,SET ADF 2 LOWRANGE,,
RADIO,ADF,SET ADF2 NEEDLE,,
RADIO,ADF,SET ADF2 VOLUME,,
RADIO,ANNUNCIATOR,ANNUNCIATOR SWITCH OFF,,
RADIO,ANNUNCIATOR,ANNUNCIATOR SWITCH ON,,
RADIO,ANNUNCIATOR,TOGGLE ANNUNCIATOR SWITCH,,
RADIO,COMMS,DECREASE COM1 (FRACT),,
RADIO,COMMS,"DECREASE COM1 FREQUENCY (FRACT, CARRY)",,
RADIO,COMMS,INCREASE COM1 (FRACT),,
RADIO,COMMS,"INCREASE COM1 FREQUENCY (FRACT, CARRY)",,
RADIO,COMMS,SET COM RADIO,,
RADIO,COMMS,COM1 SWAP,,
RADIO,COMMS,DECREASE COM1 (WHOLE),,
RADIO,COMMS,INCREASE COM1 (WHOLE),,
RADIO,COMMS,SET ALL COM RECEIVE,,
RADIO,COMMS,TOGGLE ALL COM RECEIVE,,
RADIO,COMMS,SET COM1 STANDBY,,
RADIO,COMMS,COM1 SWITCH TO STANDBY,,
RADIO,COMMS,COM1 SWAP,,
RADIO,COMMS,SELECT COM1 RECEIVE,,
RADIO,COMMS,SELECT COM1 TRANSMIT,,
RADIO,COMMS,DECREASE COM1 VOLUME,,
RADIO,COMMS,INCREASE COM1 VOLUME,,
RADIO,COMMS,DECREASE COM2 FREQUENCY (FRACT),,
RADIO,COMMS,"DECREASE COM2 FREQUENCY (FRACT, CARRY)",,
RADIO,COMMS,INCREASE COM2 FREQUENCY (FRACT),,
RADIO,COMMS,"INCREASE COM2 FREQUENCY (FRACT, CARRY)",,
RADIO,COMMS,COM2 SWAP,,
RADIO,COMMS,DECREASE COM2 FREQUENCY (WHOLE),,
RADIO,COMMS,INCREASE COM2 FREQUENCY (WHOLE),,
RADIO,COMMS,SELECT COM2 RECEIVE,,
RADIO,COMMS,SET COM2 STANDBY,,
RADIO,COMMS,SELECT COM2 TRANSMIT,,
RADIO,COMMS,DECREASE COM2 VOLUME,,
RADIO,COMMS,INCREASE COM2 VOLUME,,
RADIO,COMMS,DECREASE COM3 FREQUENCY (FRACT),,
RADIO,COMMS,"DECREASE COM3 FREQUENCY (FRACT, CARRY)",,
RADIO,COMMS,INCREASE COM3 FREQUENCY (FRACT),,
RADIO,COMMS,"INCREASE COM3 FREQUENCY (FRACT, CARRY)",,
RADIO,COMMS,COM3 SWAP,,
RADIO,COMMS,DECREASE COM3 FREQUENCY (WHOLE),,
RADIO,COMMS,INCREASE COM3 FREQUENCY (WHOLE),,
RADIO,COMMS,SELECT COM3 RECEIVE,,
RADIO,COMMS,SET COM3 STANDBY,,
RADIO,COMMS,DECREASE COM3 VOLUME,,
RADIO,COMMS,INCREASE COM3 VOLUME,,
RADIO,COMMS,TOGGLE COMM1 AUTOSWITCH,,
RADIO,COMMS,TOGGLE COMM2 AUTOSWITCH,,
RADIO,COMMS,TOGGLE COMM NAV1 TEST,,
RADIO,COMMS,TOGGLE COMM NAV2 TEST,,
RADIO,COMMS,TOGGLE COMM NAV3 TEST,,
RADIO,COMMS,COM RADIO,,
RADIO,COMMS,SET COM1 STORED FREQUENCY INDEX,,
RADIO,COMMS,SET COM1 STORED FREQUENCY,,
RADIO,COMMS,SET COM1 VOLUME,,
RADIO,COMMS,SET COM2,,
RADIO,COMMS,SET COM2 STORED FREQUENCY INDEX,,
RADIO,COMMS,SET COM2 STORED FREQUENCY,,
RADIO,COMMS,SET COM2 VOLUME,,
RADIO,COMMS,SET COM3,,
RADIO,COMMS,SET COM3 STORED FREQUENCY INDEX,,
RADIO,COMMS,SET COM3 STORED FREQUENCY,,
RADIO,COMMS,SET COM3 VOLUME,,
RADIO,DME,TOGGLE DME,,
RADIO,DME,TOGGLE DME 1,,
RADIO,DME,TOGGLE DME 2,,
RADIO,DME,DISABLE DME 1 IDENTIFIER,,
RADIO,DME,ENABLE DME 1 IDENTIFIER,,
RADIO,DME,SET DME 1 IDENTIFIER,,
RADIO,DME,TOGGLE DME 1 IDENTIFIER,,
RADIO,DME,DISABLE DME 2 IDENTIFIER,,
RADIO,DME,ENABLE DME 2 IDENTIFIER,,
RADIO,DME,SET DME 2 IDENTIFIER,,
RADIO,DME,TOGGLE DME 2 IDENTIFIER,,
RADIO,DME,DISABLE DME IDENTIFIER,,
RADIO,DME,ENABLE DME IDENTIFIER,,
RADIO,DME,SET DME IDENTIFIER,,
RADIO,DME,TOGGLE DME IDENTIFIER,,
RADIO,DME,DME,,
RADIO,DME,SELECT DME,,
RADIO,KOLLSMAN,DECREASE ALTIMETER,,
RADIO,KOLLSMAN,INCREASE ALTIMETER,,
RADIO,KOLLSMAN,SET ALTIMETER,KEY_KOHLSMAN_SET,
RADIO,NAV,NAV RADIO,,
RADIO,NAV,DECREASE NAV1 (FRACT),,
RADIO,NAV,"DECREASE NAV1 FREQUENCY (FRACT, CARRY)",,
RADIO,NAV,INCREASE NAV1 (FRACT),,
RADIO,NAV,"INCREASE NAV1 FREQUENCY (FRACT, CARRY)",,
RADIO,NAV,NAV1 SWAP,,
RADIO,NAV,DECREASE NAV1 (WHOLE),,
RADIO,NAV,INCREASE NAV1 (WHOLE),,
RADIO,NAV,SET NAV1 STANDBY,,
RADIO,NAV,DECREASE NAV1 VOLUME,,
RADIO,NAV,INCREASE NAV1 VOLUME,,
RADIO,NAV,SET NAV1 VOLUME,,
RADIO,NAV,DECREASE NAV2 (FRACT),,
RADIO,NAV,"DECREASE NAV2 FREQUENCY (FRACT, CARRY)",,
RADIO,NAV,INCREASE NAV2 (FRACT),,
RADIO,NAV,"INCREASE NAV2 FREQUENCY (FRACT, CARRY)",,
RADIO,NAV,SET NAV2,,
RADIO,NAV,NAV2 SWAP,,
RADIO,NAV,DECREASE NAV2 (WHOLE),,
RADIO,NAV,INCREASE NAV2 (WHOLE),,
RADIO,NAV,SET NAV2 STANDBY,,
RADIO,NAV,DECREASE NAV2 VOLUME,,
RADIO,NAV,INCREASE NAV2 VOLUME,,
RADIO,NAV,SET NAV2 VOLUME,,
RADIO,NAV,DECREASE NAV3 (FRACT),,
RADIO,NAV,"DECREASE NAV3 FREQUENCY (FRACT, CARRY)",,
RADIO,NAV,INCREASE NAV3 (FRACT),,
RADIO,NAV,"INCREASE NAV3 FREQUENCY (FRACT, CARRY)",,
RADIO,NAV,INCREASE NAV3 (WHOLE),,
RADIO,NAV,INCREASE NAV3 (WHOLE),,
RADIO,NAV,DECREASE NAV3 VOLUME,,
RADIO,NAV,INCREASE NAV3 VOLUME,,
RADIO,NAV,SET NAV3 VOLUME,,
RADIO,NAV,DECREASE NAV4 (FRACT),,
RADIO,NAV,"DECREASE NAV4 FREQUENCY (FRACT, CARRY)",,
RADIO,NAV,INCREASE NAV4 (FRACT),,
RADIO,NAV,"INCREASE NAV4 FREQUENCY (FRACT, CARRY)",,
RADIO,NAV,INCREASE NAV4 (WHOLE),,
RADIO,NAV,INCREASE NAV4 (WHOLE),,
RADIO,NAV,DECREASE NAV4 VOLUME,,
RADIO,NAV,INCREASE NAV4 VOLUME,,
RADIO,NAV,SET NAV4 VOLUME,,
RADIO,NAV,SET NAV4 VOLUME,,
RADIO,NAV,TOGGLE NAV1 AUTOSWITCH,,
RADIO,NAV,TOGGLE NAV2 AUTOSWITCH,,
RADIO,NAV,SET NAV1,,
RADIO,VOR,DISABLE VOR 1 IDENTIFIER,,
RADIO,VOR,ENABLE VOR 1 IDENTIFIER,,
RADIO,VOR,SET VOR 1 IDENTIFIER,,
RADIO,VOR,TOGGLE VOR 1 IDENTIFIER,,
RADIO,VOR,DISABLE VOR 2 IDENTIFIER,,
RADIO,VOR,ENABLE VOR 2 IDENTIFIER,,
RADIO,VOR,SET VOR 2 IDENTIFIER,,
RADIO,VOR,TOGGLE VOR 2 IDENTIFIER,,
RADIO,VOR,DISABLE VOR 3 IDENTIFIER,,
RADIO,VOR,ENABLE VOR 3 IDENTIFIER,,
RADIO,VOR,SET VOR 3 IDENTIFIER,,
RADIO,VOR,TOGGLE VOR 3 IDENTIFIER,,
RADIO,VOR,DISABLE VOR 4 IDENTIFIER,,
RADIO,VOR,ENABLE VOR 4 IDENTIFIER,,
RADIO,VOR,SET VOR 4 IDENTIFIER,,
RADIO,VOR,TOGGLE VOR 4 IDENTIFIER,,
RADIO,VOR,DECREASE VOR1 OBS,,
RADIO,VOR,INCREASE VOR1 OBS,,
RADIO,VOR,SET VOR1,,
RADIO,VOR,DECREASE VOR2 OBS,,
RADIO,VOR,INCREASE VOR2 OBS,,
RADIO,VOR,SET VOR2,,
RADIO,VOR,DECREASE VOR3 OBI,,
RADIO,VOR,DECREASE VOR3 OBI (FAST),,
RADIO,VOR,INCREASE VOR3 OBI (FAST),,
RADIO,VOR,INCREASE VOR3 OBI,,
RADIO,VOR,SET VOR3,,
RADIO,VOR,DECREASE VOR4 OBI,,
RADIO,VOR,DECREASE VOR4 OBI (FAST),,
RADIO,VOR,INCREASE VOR4 OBI (FAST),,
RADIO,VOR,INCREASE VOR4 OBI,,
RADIO,VOR,SET VOR4,,
RADIO,VOR,VOR OBS,,
RADIO,TACAN,SET TACAN 1 ACTIVE CHANNEL,,
RADIO,TACAN,SET TACAN 1 ACTIVE MODE,,
RADIO,TACAN,DECREASE TACAN 1 OBI,,
RADIO,TACAN,FAST DECREASE TACAN 1 OBI,,
RADIO,TACAN,FAST INCREASE TACAN 1 OBI,,
RADIO,TACAN,INCREASE TACAN 1 OBI,,
RADIO,TACAN,SET TACAN 1,,
RADIO,TACAN,SET TACAN 1 STANDBY CHANNEL,,
RADIO,TACAN,SET TACAN 1 STANDBY MODE,,
RADIO,TACAN,SWAP TACAN 1,,
RADIO,TACAN,DECREASE TACAN 1 VOLUME,,
RADIO,TACAN,INCREASE TACAN 1 VOLUME,,
RADIO,TACAN,SET TACAN 1 VOLUME,,
RADIO,TACAN,SET TACAN 2 ACTIVE CHANNEL,,
RADIO,TACAN,SET TACAN 2 ACTIVE MODE,,
RADIO,TACAN,DECREASE TACAN 2 OBI,,
RADIO,TACAN,FAST DECREASE TACAN 2 OBI,,
RADIO,TACAN,FAST INCREASE TACAN 2 OBI,,
RADIO,TACAN,INCREASE TACAN 2 OBI,,
RADIO,TACAN,SET TACAN 2,,
RADIO,TACAN,SET TACAN 2 STANDBY CHANNEL,,
RADIO,TACAN,SET TACAN 2 STANDBY MODE,,
RADIO,TACAN,SWAP TACAN 2,,
RADIO,TACAN,DECREASE TACAN 2 VOLUME,,
RADIO,TACAN,INCREASE TACAN 2 VOLUME,,
RADIO,TACAN,SET TACAN 2 VOLUME,,
RADIO,TACAN,TOGGLE TACAN DRIVES GPS,,
RADIO,OBI,DECREASE VOR1 OBS (FAST),,
RADIO,OBI,INCREASE VOR1 OBS (FAST),,
RADIO,OBI,DECREASE VOR2 OBS (FAST),,
RADIO,OBI,INCREASE VOR2 OBS (FAST),,
RADIO,XPNDR,DECREASE TRANSPONDER (1),,
RADIO,XPNDR,INCREASE TRANSPONDER (1),,
RADIO,XPNDR,DECREASE TRANSPONDER (10),,
RADIO,XPNDR,INCREASE TRANSPONDER (10),,
RADIO,XPNDR,DECREASE TRANSPONDER (100),,
RADIO,XPNDR,INCREASE TRANSPONDER (100),,
RADIO,XPNDR,DECREASE TRANSPONDER (1000),,
RADIO,XPNDR,INCREASE TRANSPONDER (1000),,
RADIO,XPNDR,"DECREASE TRANSPONDER (1, CARRY)",,
RADIO,XPNDR,TRANSPONDER IDENT OFF,,
RADIO,XPNDR,TRANSPONDER IDENT ON,,
RADIO,XPNDR,TRANSPONDER IDENT SET,,
RADIO,XPNDR,TRANSPONDER IDENT TOGGLE,,
RADIO,XPNDR,"INCREASE TRANSPONDER (1, CARRY)",,
RADIO,XPNDR,SET TRANSPONDER,,
FLIGHT CONTROL SURFACES,CONTROL TRIMMING SURFACES,TOGGLE AILERON TRIM,,
FLIGHT CONTROL SURFACES,CONTROL TRIMMING SURFACES,SET AILERON TRIM,,
FLIGHT CONTROL SURFACES,CONTROL TRIMMING SURFACES,AILERON TRIM LEFT,,
FLIGHT CONTROL SURFACES,CONTROL TRIMMING SURFACES,AILERON TRIM RIGHT,,
FLIGHT CONTROL SURFACES,CONTROL TRIMMING SURFACES,ELEVATOR TRIM AXIS (-100 TO 100%),,
FLIGHT CONTROL SURFACES,CONTROL TRIMMING SURFACES,ELEVATOR TRIM DOWN (NOSE DOWN),,
FLIGHT CONTROL SURFACES,CONTROL TRIMMING SURFACES,ELEVATOR TRIM UP (NOSE UP),,
FLIGHT CONTROL SURFACES,CONTROL TRIMMING SURFACES,TOGGLE ELEVATOR TRIM,,
FLIGHT CONTROL SURFACES,CONTROL TRIMMING SURFACES,SET ELEVATOR TRIM,,
FLIGHT CONTROL SURFACES,CONTROL TRIMMING SURFACES,SET RUDDER TRIM,,
FLIGHT CONTROL SURFACES,CONTROL TRIMMING SURFACES,TOGGLE RUDDER TRIM,,
FLIGHT CONTROL SURFACES,CONTROL TRIMMING SURFACES,RUDDER TRIM LEFT,,
FLIGHT CONTROL SURFACES,CONTROL TRIMMING SURFACES,RUDDER TRIM RIGHT,,
FLIGHT CONTROL SURFACES,CONTROL TRIMMING SURFACES,RUDDER TRIM SET,,
FLIGHT CONTROL SURFACES,CONTROL TRIMMING SURFACES,SET HELICOPTER FORCE TRIM RELEASE BUTTON,,
FLIGHT CONTROL SURFACES,CONTROL TRIMMING SURFACES,DECREASE ROTOR LATERAL TRIM,,
FLIGHT CONTROL SURFACES,CONTROL TRIMMING SURFACES,INCREASE ROTOR LATERAL TRIM,,
FLIGHT CONTROL SURFACES,CONTROL TRIMMING SURFACES,SET ROTOR LATERAL TRIM,,
FLIGHT CONTROL SURFACES,CONTROL TRIMMING SURFACES,DECREASE ROTOR LONGITUDINAL TRIM,,
FLIGHT CONTROL SURFACES,CONTROL TRIMMING SURFACES,INCREASE ROTOR LONGITUDINAL TRIM,,
FLIGHT CONTROL SURFACES,CONTROL TRIMMING SURFACES,SET ROTOR LONGITUDINAL TRIM,,
FLIGHT CONTROL SURFACES,CONTROL TRIMMING SURFACES,ROTOR TRIM RESET,,
FLIGHT CONTROL SURFACES,CONTROL TRIMMING SURFACES,RESET RUDDER TRIM,,
FLIGHT CONTROL SURFACES,SECONDARY CONTROL SURFACES,FLAPS AXIS,,
FLIGHT CONTROL SURFACES,SECONDARY CONTROL SURFACES,SPOILERS AXIS,,
FLIGHT CONTROL SURFACES,SECONDARY CONTROL SURFACES,FLAPS 1,,
FLIGHT CONTROL SURFACES,SECONDARY CONTROL SURFACES,FLAPS 2,,
FLIGHT CONTROL SURFACES,SECONDARY CONTROL SURFACES,FLAPS 3,,
FLIGHT CONTROL SURFACES,SECONDARY CONTROL SURFACES,FLAPS 4,,
FLIGHT CONTROL SURFACES,SECONDARY CONTROL SURFACES,DECREASE FLAPS (CONTINUOUS),,
FLIGHT CONTROL SURFACES,SECONDARY CONTROL SURFACES,INCREASE FLAPS (CONTINUOUS),,
FLIGHT CONTROL SURFACES,SECONDARY CONTROL SURFACES,SET FLAPS (CONTINUOUS),,
FLIGHT CONTROL SURFACES,SECONDARY CONTROL SURFACES,DECREASE FLAPS,,
FLIGHT CONTROL SURFACES,SECONDARY CONTROL SURFACES,EXTEND FLAPS,,
FLIGHT CONTROL SURFACES,SECONDARY CONTROL SURFACES,INCREASE FLAPS,,
FLIGHT CONTROL SURFACES,SECONDARY CONTROL SURFACES,FLAPS AXIS (0 TO 100%),,
FLIGHT CONTROL SURFACES,SECONDARY CONTROL SURFACES,RETRACT FLAPS,,
FLIGHT CONTROL SURFACES,SECONDARY CONTROL SURFACES,DISARM AUTO SPOILERS,,
FLIGHT CONTROL SURFACES,SECONDARY CONTROL SURFACES,ARM AUTO SPOILERS,,
FLIGHT CONTROL SURFACES,SECONDARY CONTROL SURFACES,SET AUTO SPOILERS ARMING,,
FLIGHT CONTROL SURFACES,SECONDARY CONTROL SURFACES,TOGGLE ARM SPOILERS,,
FLIGHT CONTROL SURFACES,SECONDARY CONTROL SURFACES,INCREMENT SPOILERS,,
FLIGHT CONTROL SURFACES,SECONDARY CONTROL SURFACES,DECREMENT SPOILERS,,
FLIGHT CONTROL SURFACES,SECONDARY CONTROL SURFACES,RETRACT SPOILERS,,
FLIGHT CONTROL SURFACES,SECONDARY CONTROL SURFACES,EXTEND SPOILERS,,
FLIGHT CONTROL SURFACES,SECONDARY CONTROL SURFACES,SPOILER SET,,
FLIGHT CONTROL SURFACES,SECONDARY CONTROL SURFACES,TOGGLE SPOILERS,,
FLIGHT CONTROL SURFACES,PRIMARY CONTROL SURFACES,HORIZONTAL THRUST VECTOR AXIS,,
FLIGHT CONTROL SURFACES,PRIMARY CONTROL SURFACES,VERTICAL THRUST VECTOR AXIS,,
FLIGHT CONTROL SURFACES,PRIMARY CONTROL SURFACES,SET VERTICAL SPEED,,
FLIGHT CONTROL SURFACES,PRIMARY CONTROL SURFACES,DECREASE HORIZONTAL THRUST VECTOR,,
FLIGHT CONTROL SURFACES,PRIMARY CONTROL SURFACES,INCREASE HORIZONTAL THRUST VECTOR,,
FLIGHT CONTROL SURFACES,PRIMARY CONTROL SURFACES,DECREASE VERTICAL THRUST VECTOR,,
FLIGHT CONTROL SURFACES,PRIMARY CONTROL SURFACES,INCREASE VERTICAL THRUST VECTOR,,
FLIGHT CONTROL SURFACES,PRIMARY CONTROL SURFACES,DECREASE VERTICAL SPEED,,
FLIGHT CONTROL SURFACES,PRIMARY CONTROL SURFACES,INCREASE VERTICAL SPEED,,
FLIGHT CONTROL SURFACES,PRIMARY CONTROL SURFACES,SET VERTICAL SPEED TO 0,,
FLIGHT CONTROL SURFACES,PRIMARY CONTROL SURFACES,CENTER AILERON,,
FLIGHT CONTROL SURFACES,PRIMARY CONTROL SURFACES,AILERON LEFT (ROLL LEFT),,
FLIGHT CONTROL SURFACES,PRIMARY CONTROL SURFACES,AILERON RIGHT (ROLL RIGHT),,
FLIGHT CONTROL SURFACES,PRIMARY CONTROL SURFACES,RUDDER AXIS,,
FLIGHT CONTROL SURFACES,PRIMARY CONTROL SURFACES,CENTER AILER RUDDER,,
FLIGHT CONTROL SURFACES,PRIMARY CONTROL SURFACES,ELEVATOR DOWN (PITCH DOWN),,
FLIGHT CONTROL SURFACES,PRIMARY CONTROL SURFACES,ELEVATOR UP (PITCH UP),,
FLIGHT CONTROL SURFACES,PRIMARY CONTROL SURFACES,CENTER RUDDER,,
FLIGHT CONTROL SURFACES,PRIMARY CONTROL SURFACES,RUDDER LEFT (YAW LEFT),,
FLIGHT CONTROL SURFACES,PRIMARY CONTROL SURFACES,RUDDER RIGHT (YAW RIGHT),,
FLIGHT CONTROL SURFACES,PRIMARY CONTROL SURFACES,CYCLIC LEFT,,
FLIGHT CONTROL SURFACES,PRIMARY CONTROL SURFACES,CYCLIC RIGHT,,
FLIGHT CONTROL SURFACES,PRIMARY CONTROL SURFACES,CYCLIC DOWN,,
FLIGHT CONTROL SURFACES,PRIMARY CONTROL SURFACES,CYCLIC UP,,
FLIGHT CONTROL SURFACES,PRIMARY CONTROL SURFACES,DECREMENT TAIL ROTOR,,
FLIGHT CONTROL SURFACES,PRIMARY CONTROL SURFACES,INCREMENT TAIL ROTOR,,
FLIGHT CONTROL SURFACES,PRIMARY CONTROL SURFACES,RUDDER AXIS LEFT,,
FLIGHT CONTROL SURFACES,PRIMARY CONTROL SURFACES,RUDDER AXIS RIGHT,,
FLIGHT CONTROL SURFACES,PRIMARY CONTROL SURFACES,AILERONS AXIS,,
FLIGHT CONTROL SURFACES,PRIMARY CONTROL SURFACES,ELEVATOR AXIS,,
FLIGHT CONTROL SURFACES,PRIMARY CONTROL SURFACES,SET CYCLIC LATERAL AXIS,,
FLIGHT CONTROL SURFACES,PRIMARY CONTROL SURFACES,SET CYCLIC LONGITUDINAL AXIS,,
FLIGHT CONTROL SURFACES,PRIMARY CONTROL SURFACES,TAIL ROTOR AXIS,,
FLIGHT CONTROL SURFACES,PRIMARY CONTROL SURFACES,TOGGLE WATER RUDDER,,
LIGHTS,EXTERIOR LIGHTS,TOGGLE LIGHTS,,
LIGHTS,EXTERIOR LIGHTS,BEACON LIGHTS OFF,,
LIGHTS,EXTERIOR LIGHTS,BEACON LIGHTS ON,,
LIGHTS,EXTERIOR LIGHTS,SET BEACON LIGHTS,,
LIGHTS,EXTERIOR LIGHTS,LANDING LIGHTS DOWN,,
LIGHTS,EXTERIOR LIGHTS,LANDING LIGHTS HOME,,
LIGHTS,EXTERIOR LIGHTS,LANDING LIGHTS LEFT,,
LIGHTS,EXTERIOR LIGHTS,LANDING LIGHTS RIGHT,,
LIGHTS,EXTERIOR LIGHTS,LANDING LIGHTS UP,,
LIGHTS,EXTERIOR LIGHTS,LANDING LIGHTS OFF,,
LIGHTS,EXTERIOR LIGHTS,LANDING LIGHTS ON,,
LIGHTS,EXTERIOR LIGHTS,SET LANDING LIGHTS,,
LIGHTS,EXTERIOR LIGHTS,TOGGLE LANDING LIGHTS,,
LIGHTS,EXTERIOR LIGHTS,NAV LIGHTS OFF,,
LIGHTS,EXTERIOR LIGHTS,NAV LIGHTS ON,,
LIGHTS,EXTERIOR LIGHTS,SET NAV LIGHTS,,
LIGHTS,EXTERIOR LIGHTS,SET RECOGNITION LIGHTS,,
LIGHTS,EXTERIOR LIGHTS,STROBES OFF,,
LIGHTS,EXTERIOR LIGHTS,STROBES ON,,
LIGHTS,EXTERIOR LIGHTS,SET STROBES,,
LIGHTS,EXTERIOR LIGHTS,TOGGLE STROBES,,
LIGHTS,EXTERIOR LIGHTS,TAXI LIGHTS OFF,,
LIGHTS,EXTERIOR LIGHTS,TAXI LIGHTS ON,,
LIGHTS,EXTERIOR LIGHTS,SET TAXI LIGHTS,,
LIGHTS,EXTERIOR LIGHTS,TOGGLE BEACON LIGHTS,,
LIGHTS,EXTERIOR LIGHTS,TOGGLE LOGO LIGHTS,,
LIGHTS,EXTERIOR LIGHTS,TOGGLE NAV LIGHTS,,
LIGHTS,EXTERIOR LIGHTS,TOGGLE RECOGNITION LIGHTS,,
LIGHTS,EXTERIOR LIGHTS,TOGGLE TAXI LIGHTS,,
LIGHTS,EXTERIOR LIGHTS,TOGGLE WING LIGHTS,,
LIGHTS,EXTERIOR LIGHTS,WING LIGHTS OFF,,
LIGHTS,EXTERIOR LIGHTS,WING LIGHTS ON,,
LIGHTS,EXTERIOR LIGHTS,SET WING LIGHTS,,
LIGHTS,EXTERIOR LIGHTS,SET LOGO LIGHTS,,
LIGHTS,INTERIOR LIGHTS,CABIN LIGHTS OFF,,
LIGHTS,INTERIOR LIGHTS,CABIN LIGHTS ON,,
LIGHTS,INTERIOR LIGHTS,SET CABIN LIGHTS,,
LIGHTS,INTERIOR LIGHTS,GLARESHIELD LIGHTS OFF,,
LIGHTS,INTERIOR LIGHTS,GLARESHIELD LIGHTS ON,,
LIGHTS,INTERIOR LIGHTS,SET GLARESHIELD LIGHTS,,
LIGHTS,INTERIOR LIGHTS,TOGGLE GLARESHIELD LIGHTS,,
LIGHTS,INTERIOR LIGHTS,DECREASE LIGHT POTENTIOMETER,,
LIGHTS,INTERIOR LIGHTS,INCREASE LIGHT POTENTIOMETER,,
LIGHTS,INTERIOR LIGHTS,PANEL LIGHTS OFF,,
LIGHTS,INTERIOR LIGHTS,PANEL LIGHTS ON,,
LIGHTS,INTERIOR LIGHTS,SET PANEL LIGHTS,,
LIGHTS,INTERIOR LIGHTS,PEDESTAL LIGHTS OFF,,
LIGHTS,INTERIOR LIGHTS,PEDESTAL LIGHTS ON,,
LIGHTS,INTERIOR LIGHTS,SET PEDESTAL LIGHTS,,
LIGHTS,INTERIOR LIGHTS,TOGGLE PEDESTAL LIGHTS,,
LIGHTS,INTERIOR LIGHTS,TOGGLE CABIN LIGHTS,,
LIGHTS,INTERIOR LIGHTS,TOGGLE FLASHLIGHT,,
INSTRUMENTS AND SYSTEMS,ELECTRICS,ALTERNATOR OFF,,
INSTRUMENTS AND SYSTEMS,ELECTRICS,ALTERNATOR ON,,
INSTRUMENTS AND SYSTEMS,ELECTRICS,SET ALTERNATOR,,
INSTRUMENTS AND SYSTEMS,ELECTRICS,SET APU,,
INSTRUMENTS AND SYSTEMS,ELECTRICS,TOGGLE APU,,
INSTRUMENTS AND SYSTEMS,ELECTRICS,APU OFF,,
INSTRUMENTS AND SYSTEMS,ELECTRICS,APU STARTER,,
INSTRUMENTS AND SYSTEMS,ELECTRICS,SET BATTERY 1,,
INSTRUMENTS AND SYSTEMS,ELECTRICS,SET BATTERY 2,,
INSTRUMENTS AND SYSTEMS,ELECTRICS,SET BATTERY 3,,
INSTRUMENTS AND SYSTEMS,ELECTRICS,SET BATTERY 4,,
INSTRUMENTS AND SYSTEMS,ELECTRICS,SET CABIN LIGHTS POWER SETTING,,
INSTRUMENTS AND SYSTEMS,ELECTRICS,SET ELECTRIC FUEL PUMP,,
INSTRUMENTS AND SYSTEMS,ELECTRICS,SET ELECTRIC FUEL PUMP 1,,
INSTRUMENTS AND SYSTEMS,ELECTRICS,SET ELECTRIC FUEL PUMP 2,,
INSTRUMENTS AND SYSTEMS,ELECTRICS,SET ELECTRIC FUEL PUMP 3,,
INSTRUMENTS AND SYSTEMS,ELECTRICS,SET ELECTRIC FUEL PUMP 4,,
INSTRUMENTS AND SYSTEMS,ELECTRICS,SET ELECTRICAL LINE BREAKER,,
INSTRUMENTS AND SYSTEMS,ELECTRICS,TOGGLE ELECTRICAL LINE BREAKER,,
INSTRUMENTS AND SYSTEMS,ELECTRICS,SET ELECTRICAL LINE CONNECTION,,
INSTRUMENTS AND SYSTEMS,ELECTRICS,TOGGLE ELECTRICAL LINE CONNECTION,,
INSTRUMENTS AND SYSTEMS,ELECTRICS,SET GLARESHIELD LIGHTS POWER SETTING,,
INSTRUMENTS AND SYSTEMS,ELECTRICS,MASTER BATTERY OFF,,
INSTRUMENTS AND SYSTEMS,ELECTRICS,MASTER BATTERY ON,,
INSTRUMENTS AND SYSTEMS,ELECTRICS,SET MASTER BATTERY,,
INSTRUMENTS AND SYSTEMS,ELECTRICS,SET PANEL LIGHTS POWER SETTING,,
INSTRUMENTS AND SYSTEMS,ELECTRICS,SET PEDESTAL LIGHTS POWER SETTING,,
INSTRUMENTS AND SYSTEMS,ELECTRICS,SET EXTERNAL POWER,,
INSTRUMENTS AND SYSTEMS,ELECTRICS,TOGGLE ALTERNATOR 1,,
INSTRUMENTS AND SYSTEMS,ELECTRICS,TOGGLE ALTERNATOR 2,,
INSTRUMENTS AND SYSTEMS,ELECTRICS,TOGGLE ALTERNATOR 3,,
INSTRUMENTS AND SYSTEMS,ELECTRICS,TOGGLE ALTERNATOR 4,,
INSTRUMENTS AND SYSTEMS,ELECTRICS,TOGGLE ELECTRIC FUEL PUMPS,,
INSTRUMENTS AND SYSTEMS,ELECTRICS,TOGGLE ELECTRIC FUEL PUMP 1,,
INSTRUMENTS AND SYSTEMS,ELECTRICS,TOGGLE ELECTRIC FUEL PUMP 2,,
INSTRUMENTS AND SYSTEMS,ELECTRICS,TOGGLE ELECTRIC FUEL PUMP 3,,
INSTRUMENTS AND SYSTEMS,ELECTRICS,TOGGLE ELECTRIC FUEL PUMP 4,,
INSTRUMENTS AND SYSTEMS,ELECTRICS,TOGGLE ELECTRIC VACUUM PUMP,,
INSTRUMENTS AND SYSTEMS,ELECTRICS,TOGGLE EXTERNAL POWER,,
INSTRUMENTS AND SYSTEMS,ELECTRICS,TOGGLE MASTER ALTERNATOR,,
INSTRUMENTS AND SYSTEMS,ELECTRICS,TOGGLE MASTER BATTERY,,
INSTRUMENTS AND SYSTEMS,ELECTRICS,TOGGLE MASTER BATTERY AND ALTERNATOR,,
INSTRUMENTS AND SYSTEMS,ELECTRICS,WAR EMERGENCY POWER,,
INSTRUMENTS AND SYSTEMS,ELECTRICS,SET ELECTRICAL CIRCUIT POWER SETTING,,
INSTRUMENTS AND SYSTEMS,ELECTRICS,EXECUTE ELECTRICAL PROCEDURE,,
INSTRUMENTS AND SYSTEMS,ANTI ICE,SET ENGINES GRADUAL ANTI ICE,,
INSTRUMENTS AND SYSTEMS,ANTI ICE,SET ENGINE 1 GRADUAL ANTI ICE,,
INSTRUMENTS AND SYSTEMS,ANTI ICE,SET ENGINE 2 GRADUAL ANTI ICE,,
INSTRUMENTS AND SYSTEMS,ANTI ICE,SET ENGINE 3 GRADUAL ANTI ICE,,
INSTRUMENTS AND SYSTEMS,ANTI ICE,SET ENGINE 4 GRADUAL ANTI ICE,,
INSTRUMENTS AND SYSTEMS,ANTI ICE,SET ANTI ICE OFF,,
INSTRUMENTS AND SYSTEMS,ANTI ICE,SET ANTI ICE ON,,
INSTRUMENTS AND SYSTEMS,ANTI ICE,SET ANTI ICE,,
INSTRUMENTS AND SYSTEMS,ANTI ICE,SET ENGINE 1 ANTI ICE,,
INSTRUMENTS AND SYSTEMS,ANTI ICE,SET ENGINE 2 ANTI ICE,,
INSTRUMENTS AND SYSTEMS,ANTI ICE,SET ENGINE 3 ANTI ICE,,
INSTRUMENTS AND SYSTEMS,ANTI ICE,SET ENGINE 4 ANTI ICE,,
INSTRUMENTS AND SYSTEMS,ANTI ICE,TOGGLE ANTI ICE,,
INSTRUMENTS AND SYSTEMS,ANTI ICE,TOGGLE ENGINE 1 ANTI ICE,,
INSTRUMENTS AND SYSTEMS,ANTI ICE,TOGGLE ENGINE 2 ANTI ICE,,
INSTRUMENTS AND SYSTEMS,ANTI ICE,TOGGLE ENGINE 3 ANTI ICE,,
INSTRUMENTS AND SYSTEMS,ANTI ICE,TOGGLE ENGINE 4 ANTI ICE,,
INSTRUMENTS AND SYSTEMS,ANTI ICE,PITOT HEAT OFF,,
INSTRUMENTS AND SYSTEMS,ANTI ICE,PITOT HEAT ON,,
INSTRUMENTS AND SYSTEMS,ANTI ICE,SET PITOT HEAT,,
INSTRUMENTS AND SYSTEMS,ANTI ICE,TOGGLE PITOT HEAT,,
INSTRUMENTS AND SYSTEMS,ENGINE INSTRUMENTS,SET APU BLEED AIR SOURCE,,
INSTRUMENTS AND SYSTEMS,ENGINE INSTRUMENTS,TOGGLE APU BLEED AIR SOURCE,,
INSTRUMENTS AND SYSTEMS,ENGINE INSTRUMENTS,SET APU BLEED TO ENGINE,,
INSTRUMENTS AND SYSTEMS,ENGINE INSTRUMENTS,TOGGLE APU BLEED TO ENGINE,,
INSTRUMENTS AND SYSTEMS,ENGINE INSTRUMENTS,DECREASE BLEED AIR SOURCE CONTROL,,
INSTRUMENTS AND SYSTEMS,ENGINE INSTRUMENTS,INCREASE BLEED AIR SOURCE CONTROL,,
INSTRUMENTS AND SYSTEMS,ENGINE INSTRUMENTS,SET BLEED AIR CONTROL SOURCE,,
INSTRUMENTS AND SYSTEMS,ENGINE INSTRUMENTS,DECREASE COWL FLAP,,
INSTRUMENTS AND SYSTEMS,ENGINE INSTRUMENTS,DECREASE COWL FLAP 1,,
INSTRUMENTS AND SYSTEMS,ENGINE INSTRUMENTS,DECREASE COWL FLAP 2,,
INSTRUMENTS AND SYSTEMS,ENGINE INSTRUMENTS,DECREASE COWL FLAP 3,,
INSTRUMENTS AND SYSTEMS,ENGINE INSTRUMENTS,DECREASE COWL FLAP 4,,
INSTRUMENTS AND SYSTEMS,ENGINE INSTRUMENTS,DECREASE EGT,,
INSTRUMENTS AND SYSTEMS,ENGINE INSTRUMENTS,INCREASE EGT,,
INSTRUMENTS AND SYSTEMS,ENGINE INSTRUMENTS,DECREASE EGT 1,,
INSTRUMENTS AND SYSTEMS,ENGINE INSTRUMENTS,INCREASE EGT 1,,
INSTRUMENTS AND SYSTEMS,ENGINE INSTRUMENTS,DECREASE EGT 2,,
INSTRUMENTS AND SYSTEMS,ENGINE INSTRUMENTS,INCREASE EGT 2,,
INSTRUMENTS AND SYSTEMS,ENGINE INSTRUMENTS,DECREASE EGT 3,,
INSTRUMENTS AND SYSTEMS,ENGINE INSTRUMENTS,INCREASE EGT 3,,
INSTRUMENTS AND SYSTEMS,ENGINE INSTRUMENTS,DECREASE EGT 4,,
INSTRUMENTS AND SYSTEMS,ENGINE INSTRUMENTS,INCREASE EGT 4,,
INSTRUMENTS AND SYSTEMS,ENGINE INSTRUMENTS,SET ENGINE BLEED AIR SOURCE,,
INSTRUMENTS AND SYSTEMS,ENGINE INSTRUMENTS,TOGGLE ENGINE BLEED AIR SOURCE,,
INSTRUMENTS AND SYSTEMS,ENGINE INSTRUMENTS,TOGGLE ENGINE BYPASS,,
INSTRUMENTS AND SYSTEMS,ENGINE INSTRUMENTS,SET ENGINE MASTER 1,,
INSTRUMENTS AND SYSTEMS,ENGINE INSTRUMENTS,TOGGLE ENGINE MASTER 1,,
INSTRUMENTS AND SYSTEMS,ENGINE INSTRUMENTS,SET ENGINE MASTER 2,,
INSTRUMENTS AND SYSTEMS,ENGINE INSTRUMENTS,TOGGLE ENGINE MASTER 2,,
INSTRUMENTS AND SYSTEMS,ENGINE INSTRUMENTS,SET ENGINE MASTER 3,,
INSTRUMENTS AND SYSTEMS,ENGINE INSTRUMENTS,TOGGLE ENGINE MASTER 3,,
INSTRUMENTS AND SYSTEMS,ENGINE INSTRUMENTS,SET ENGINE MASTER 4,,
INSTRUMENTS AND SYSTEMS,ENGINE INSTRUMENTS,TOGGLE ENGINE MASTER 4,,
INSTRUMENTS AND SYSTEMS,ENGINE INSTRUMENTS,SET ENGINE MASTER,,
INSTRUMENTS AND SYSTEMS,ENGINE INSTRUMENTS,TOGGLE ENGINE MASTER,,
INSTRUMENTS AND SYSTEMS,ENGINE INSTRUMENTS,SET ENGINE CRANK MODE,,
INSTRUMENTS AND SYSTEMS,ENGINE INSTRUMENTS,SET ENGINE IGN/ START MODE,,
INSTRUMENTS AND SYSTEMS,ENGINE INSTRUMENTS,SET ENGINE NORM MODE,,
INSTRUMENTS AND SYSTEMS,ENGINE INSTRUMENTS,ENGINE PRIMER,,
INSTRUMENTS AND SYSTEMS,ENGINE INSTRUMENTS,INCREASE COWL FLAP,,
INSTRUMENTS AND SYSTEMS,ENGINE INSTRUMENTS,INCREASE COWL FLAP 1,,
INSTRUMENTS AND SYSTEMS,ENGINE INSTRUMENTS,INCREASE COWL FLAP 2,,
INSTRUMENTS AND SYSTEMS,ENGINE INSTRUMENTS,INCREASE COWL FLAP 3,,
INSTRUMENTS AND SYSTEMS,ENGINE INSTRUMENTS,INCREASE COWL FLAP 4,,
INSTRUMENTS AND SYSTEMS,ENGINE INSTRUMENTS,MAGNETOS BOTH,,
INSTRUMENTS AND SYSTEMS,ENGINE INSTRUMENTS,DECREASE MAGNETO,,
INSTRUMENTS AND SYSTEMS,ENGINE INSTRUMENTS,INCREASE MAGNETO,,
INSTRUMENTS AND SYSTEMS,ENGINE INSTRUMENTS,MAGNETOS LEFT,,
INSTRUMENTS AND SYSTEMS,ENGINE INSTRUMENTS,MAGNETOS OFF,,
INSTRUMENTS AND SYSTEMS,ENGINE INSTRUMENTS,MAGNETOS RIGHT,,
INSTRUMENTS AND SYSTEMS,ENGINE INSTRUMENTS,MAGNETOS START,,
INSTRUMENTS AND SYSTEMS,ENGINE INSTRUMENTS,MAGNETO 1 BOTH,,
INSTRUMENTS AND SYSTEMS,ENGINE INSTRUMENTS,DECREASE MAGNETO 1,,
INSTRUMENTS AND SYSTEMS,ENGINE INSTRUMENTS,INCREASE MAGNETO 1,,
INSTRUMENTS AND SYSTEMS,ENGINE INSTRUMENTS,MAGNETO 1 LEFT,,
INSTRUMENTS AND SYSTEMS,ENGINE INSTRUMENTS,MAGNETO 1 OFF,,
INSTRUMENTS AND SYSTEMS,ENGINE INSTRUMENTS,MAGNETO 1 RIGHT,,
INSTRUMENTS AND SYSTEMS,ENGINE INSTRUMENTS,MAGNETO 1 START,,
INSTRUMENTS AND SYSTEMS,ENGINE INSTRUMENTS,MAGNETO 2 BOTH,,
INSTRUMENTS AND SYSTEMS,ENGINE INSTRUMENTS,DECREASE MAGNETO 2,,
INSTRUMENTS AND SYSTEMS,ENGINE INSTRUMENTS,INCREASE MAGNETO 2,,
INSTRUMENTS AND SYSTEMS,ENGINE INSTRUMENTS,MAGNETO 2 LEFT,,
INSTRUMENTS AND SYSTEMS,ENGINE INSTRUMENTS,MAGNETO 2 OFF,,
INSTRUMENTS AND SYSTEMS,ENGINE INSTRUMENTS,MAGNETO 2 RIGHT,,
INSTRUMENTS AND SYSTEMS,ENGINE INSTRUMENTS,MAGNETO 2 START,,
INSTRUMENTS AND SYSTEMS,ENGINE INSTRUMENTS,MAGNETO 3 BOTH,,
INSTRUMENTS AND SYSTEMS,ENGINE INSTRUMENTS,DECREASE MAGNETO 3,,
INSTRUMENTS AND SYSTEMS,ENGINE INSTRUMENTS,INCREASE MAGNETO 3,,
INSTRUMENTS AND SYSTEMS,ENGINE INSTRUMENTS,MAGNETO 3 LEFT,,
INSTRUMENTS AND SYSTEMS,ENGINE INSTRUMENTS,MAGNETO 3 OFF,,
INSTRUMENTS AND SYSTEMS,ENGINE INSTRUMENTS,MAGNETO 3 RIGHT,,
INSTRUMENTS AND SYSTEMS,ENGINE INSTRUMENTS,MAGNETO 3 START,,
INSTRUMENTS AND SYSTEMS,ENGINE INSTRUMENTS,MAGNETO 4 BOTH,,
INSTRUMENTS AND SYSTEMS,ENGINE INSTRUMENTS,DECREASE MAGNETO 4,,
INSTRUMENTS AND SYSTEMS,ENGINE INSTRUMENTS,INCREASE MAGNETO 4,,
INSTRUMENTS AND SYSTEMS,ENGINE INSTRUMENTS,MAGNETO 4 LEFT,,
INSTRUMENTS AND SYSTEMS,ENGINE INSTRUMENTS,MAGNETO 4 OFF,,
INSTRUMENTS AND SYSTEMS,ENGINE INSTRUMENTS,MAGNETO 4 RIGHT,,
INSTRUMENTS AND SYSTEMS,ENGINE INSTRUMENTS,MAGNETO 4 START,,
INSTRUMENTS AND SYSTEMS,ENGINE INSTRUMENTS,SET PLASMA OFF,,
INSTRUMENTS AND SYSTEMS,ENGINE INSTRUMENTS,SET PLASMA ON,,
INSTRUMENTS AND SYSTEMS,ENGINE INSTRUMENTS,SET PLASMA,,
INSTRUMENTS AND SYSTEMS,ENGINE INSTRUMENTS,TOGGLE PLASMA,,
INSTRUMENTS AND SYSTEMS,ENGINE INSTRUMENTS,RESET MAX RPM INDICATOR,,
INSTRUMENTS AND SYSTEMS,ENGINE INSTRUMENTS,SET STARTERS (HOLD),,
INSTRUMENTS AND SYSTEMS,ENGINE INSTRUMENTS,SET STARTER 1 (HOLD),,
INSTRUMENTS AND SYSTEMS,ENGINE INSTRUMENTS,SET STARTER 2 (HOLD),,
INSTRUMENTS AND SYSTEMS,ENGINE INSTRUMENTS,SET STARTER 3 (HOLD),,
INSTRUMENTS AND SYSTEMS,ENGINE INSTRUMENTS,SET STARTER 4 (HOLD),,
INSTRUMENTS AND SYSTEMS,ENGINE INSTRUMENTS,STARTERS OFF,,
INSTRUMENTS AND SYSTEMS,ENGINE INSTRUMENTS,SET STARTERS,,
INSTRUMENTS AND SYSTEMS,ENGINE INSTRUMENTS,STARTERS START,,
INSTRUMENTS AND SYSTEMS,ENGINE INSTRUMENTS,SET STARTER 1,,
INSTRUMENTS AND SYSTEMS,ENGINE INSTRUMENTS,SET STARTER 2,,
INSTRUMENTS AND SYSTEMS,ENGINE INSTRUMENTS,SET STARTER 3,,
INSTRUMENTS AND SYSTEMS,ENGINE INSTRUMENTS,SET STARTER 4,,
INSTRUMENTS AND SYSTEMS,ENGINE INSTRUMENTS,TOGGLE AFTERBURNER,,
INSTRUMENTS AND SYSTEMS,ENGINE INSTRUMENTS,TOGGLE AFTERBURNER1,,
INSTRUMENTS AND SYSTEMS,ENGINE INSTRUMENTS,TOGGLE AFTERBURNER2,,
INSTRUMENTS AND SYSTEMS,ENGINE INSTRUMENTS,TOGGLE AFTERBURNER3,,
INSTRUMENTS AND SYSTEMS,ENGINE INSTRUMENTS,TOGGLE AFTERBURNER4,,
INSTRUMENTS AND SYSTEMS,ENGINE INSTRUMENTS,TOGGLE ALL STARTERS,,
INSTRUMENTS AND SYSTEMS,ENGINE INSTRUMENTS,TOGGLE MASTER IGNITION SWITCH,,
INSTRUMENTS AND SYSTEMS,ENGINE INSTRUMENTS,TOGGLE MASTER STARTER SWITCH,,
INSTRUMENTS AND SYSTEMS,ENGINE INSTRUMENTS,TOGGLE PROPELLER DEICE,,
INSTRUMENTS AND SYSTEMS,ENGINE INSTRUMENTS,TOGGLE STARTER 1,,
INSTRUMENTS AND SYSTEMS,ENGINE INSTRUMENTS,TOGGLE STARTER 2,,
INSTRUMENTS AND SYSTEMS,ENGINE INSTRUMENTS,TOGGLE STARTER 3,,
INSTRUMENTS AND SYSTEMS,ENGINE INSTRUMENTS,TOGGLE STARTER 4,,
INSTRUMENTS AND SYSTEMS,ENGINE INSTRUMENTS,TOGGLE STRUCTURAL DEICE,,
INSTRUMENTS AND SYSTEMS,ENGINE INSTRUMENTS,SET TURBINES IGNITION SWITCH,,
INSTRUMENTS AND SYSTEMS,ENGINE INSTRUMENTS,SET TURBINE 1 IGNITION SWITCH,,
INSTRUMENTS AND SYSTEMS,ENGINE INSTRUMENTS,SET TURBINE 2 IGNITION SWITCH,,
INSTRUMENTS AND SYSTEMS,ENGINE INSTRUMENTS,SET TURBINE 3 IGNITION SWITCH,,
INSTRUMENTS AND SYSTEMS,ENGINE INSTRUMENTS,SET TURBINE 4 IGNITION SWITCH,,
INSTRUMENTS AND SYSTEMS,ENGINE INSTRUMENTS,TOGGLE TURBINE IGNITION SWITCH,,
INSTRUMENTS AND SYSTEMS,ENGINE INSTRUMENTS,SET WINDSHIELD DEICE OFF,,
INSTRUMENTS AND SYSTEMS,ENGINE INSTRUMENTS,SET WINDSHIELD DEICE ON,,
INSTRUMENTS AND SYSTEMS,ENGINE INSTRUMENTS,SET WINDSHIELD DEICE,,
INSTRUMENTS AND SYSTEMS,ENGINE INSTRUMENTS,TOGGLE WINDSHIELD DEICE,,
INSTRUMENTS AND SYSTEMS,ENGINE INSTRUMENTS,ENGINE TRIM RPM DECREASE,,
INSTRUMENTS AND SYSTEMS,ENGINE INSTRUMENTS,ENGINE TRIM RPM INCREASE,,
INSTRUMENTS AND SYSTEMS,ENGINE INSTRUMENTS,HELICOPTER ENGINE 1 BEEP TRIM DECREASE,,
INSTRUMENTS AND SYSTEMS,ENGINE INSTRUMENTS,HELICOPTER ENGINE 1 BEEP TRIM INCREASE,,
INSTRUMENTS AND SYSTEMS,ENGINE INSTRUMENTS,HELICOPTER ENGINE 1 GOVERNOR SWITCH OFF,,
INSTRUMENTS AND SYSTEMS,ENGINE INSTRUMENTS,HELICOPTER ENGINE 1 GOVERNOR SWITCH ON,,
INSTRUMENTS AND SYSTEMS,ENGINE INSTRUMENTS,TOGGLE HELICOPTER ENGINE 1 GOVERNOR,,
INSTRUMENTS AND SYSTEMS,ENGINE INSTRUMENTS,HELICOPTER ENGINE 2 BEEP TRIM DECREASE,,
INSTRUMENTS AND SYSTEMS,ENGINE INSTRUMENTS,HELICOPTER ENGINE 2 BEEP TRIM INCREASE,,
INSTRUMENTS AND SYSTEMS,ENGINE INSTRUMENTS,HELICOPTER ENGINE 2 GOVERNOR SWITCH OFF,,
INSTRUMENTS AND SYSTEMS,ENGINE INSTRUMENTS,HELICOPTER ENGINE 2 GOVERNOR SWITCH ON,,
INSTRUMENTS AND SYSTEMS,ENGINE INSTRUMENTS,TOGGLE HELICOPTER ENGINE 2 GOVERNOR,,
INSTRUMENTS AND SYSTEMS,ENGINE INSTRUMENTS,SET ENGINE 1 COWL FLAP,,
INSTRUMENTS AND SYSTEMS,ENGINE INSTRUMENTS,SET ENGINE 2 COWL FLAP,,
INSTRUMENTS AND SYSTEMS,ENGINE INSTRUMENTS,SET ENGINE 3 COWL FLAP,,
INSTRUMENTS AND SYSTEMS,ENGINE INSTRUMENTS,SET ENGINE 4 COWL FLAP,,
INSTRUMENTS AND SYSTEMS,ENGINE INSTRUMENTS,EGT,,
INSTRUMENTS AND SYSTEMS,ENGINE INSTRUMENTS,SET EGT,,
INSTRUMENTS AND SYSTEMS,ENGINE INSTRUMENTS,SET EGT 1,,
INSTRUMENTS AND SYSTEMS,ENGINE INSTRUMENTS,SET EGT 2,,
INSTRUMENTS AND SYSTEMS,ENGINE INSTRUMENTS,SET EGT 3,,
INSTRUMENTS AND SYSTEMS,ENGINE INSTRUMENTS,SET EGT 4,,
INSTRUMENTS AND SYSTEMS,ENGINE INSTRUMENTS,SELECT ENGINE,,
INSTRUMENTS AND SYSTEMS,ENGINE INSTRUMENTS,MAGNETO,,
INSTRUMENTS AND SYSTEMS,ENGINE INSTRUMENTS,SET MAGNETOS,,
INSTRUMENTS AND SYSTEMS,ENGINE INSTRUMENTS,SET MAGNETO 1,,
INSTRUMENTS AND SYSTEMS,ENGINE INSTRUMENTS,SET MAGNETO 2,,
INSTRUMENTS AND SYSTEMS,ENGINE INSTRUMENTS,SET MAGNETO 3,,
INSTRUMENTS AND SYSTEMS,ENGINE INSTRUMENTS,SET MAGNETO 4,,
INSTRUMENTS AND SYSTEMS,FLIGHT INSTRUMENTS,DECREASE ATTITUDE BARS POSITION,,
INSTRUMENTS AND SYSTEMS,FLIGHT INSTRUMENTS,INCREASE ATTITUDE BARS POSITION,,
INSTRUMENTS AND SYSTEMS,FLIGHT INSTRUMENTS,SET ATTITUDE BARS POSITION,,
INSTRUMENTS AND SYSTEMS,FLIGHT INSTRUMENTS,AUTORUDDER OFF,,
INSTRUMENTS AND SYSTEMS,FLIGHT INSTRUMENTS,AUTORUDDER ON,,
INSTRUMENTS AND SYSTEMS,FLIGHT INSTRUMENTS,SET AUTORUDDER,,
INSTRUMENTS AND SYSTEMS,FLIGHT INSTRUMENTS,TOGGLE AUTORUDDER,,
INSTRUMENTS AND SYSTEMS,FLIGHT INSTRUMENTS,AVIONICS MASTER 1 OFF,,
INSTRUMENTS AND SYSTEMS,FLIGHT INSTRUMENTS,AVIONICS MASTER 1 ON,,
INSTRUMENTS AND SYSTEMS,FLIGHT INSTRUMENTS,SET AVIONICS MASTER 1,,
INSTRUMENTS AND SYSTEMS,FLIGHT INSTRUMENTS,AVIONICS MASTER 2 OFF,,
INSTRUMENTS AND SYSTEMS,FLIGHT INSTRUMENTS,AVIONICS MASTER 2 ON,,
INSTRUMENTS AND SYSTEMS,FLIGHT INSTRUMENTS,SET AVIONICS MASTER 2,,
INSTRUMENTS AND SYSTEMS,FLIGHT INSTRUMENTS,SET AVIONICS MASTER,,
INSTRUMENTS AND SYSTEMS,FLIGHT INSTRUMENTS,DECREASE DECISION ALTITUDE (MSL),,
INSTRUMENTS AND SYSTEMS,FLIGHT INSTRUMENTS,INCREASE DECISION ALTITUDE (MSL),,
INSTRUMENTS AND SYSTEMS,FLIGHT INSTRUMENTS,DECREASE DECISION HEIGHT,,
INSTRUMENTS AND SYSTEMS,FLIGHT INSTRUMENTS,INCREASE DECISION HEIGHT,,
INSTRUMENTS AND SYSTEMS,FLIGHT INSTRUMENTS,ELT OFF,,
INSTRUMENTS AND SYSTEMS,FLIGHT INSTRUMENTS,ELT ON,,
INSTRUMENTS AND SYSTEMS,FLIGHT INSTRUMENTS,SET ELT,,
INSTRUMENTS AND SYSTEMS,FLIGHT INSTRUMENTS,TOGGLE ELT,,
INSTRUMENTS AND SYSTEMS,FLIGHT INSTRUMENTS,SET EXTERNAL SYSTEM,,
INSTRUMENTS AND SYSTEMS,FLIGHT INSTRUMENTS,TOGGLE EXTERNAL SYSTEM,,
INSTRUMENTS AND SYSTEMS,FLIGHT INSTRUMENTS,DECREASE HEADING INDICATOR DRIFT,,
INSTRUMENTS AND SYSTEMS,FLIGHT INSTRUMENTS,INCREASE HEADING INDICATOR DRIFT,,
INSTRUMENTS AND SYSTEMS,FLIGHT INSTRUMENTS,DECREASE HEADING BUG,,
INSTRUMENTS AND SYSTEMS,FLIGHT INSTRUMENTS,INCREASE HEADING BUG,,
INSTRUMENTS AND SYSTEMS,FLIGHT INSTRUMENTS,DECREASE INDUCTOR COMPASS REFERENCE,,
INSTRUMENTS AND SYSTEMS,FLIGHT INSTRUMENTS,INCREASE INDUCTOR COMPASS REFERENCE,,
INSTRUMENTS AND SYSTEMS,FLIGHT INSTRUMENTS,DECREASE MAC CREADY SETTING,,
INSTRUMENTS AND SYSTEMS,FLIGHT INSTRUMENTS,INCREASE MAC CREADY SETTING,,
INSTRUMENTS AND SYSTEMS,FLIGHT INSTRUMENTS,ACKNOWLEDGE MASTER CAUTION,,
INSTRUMENTS AND SYSTEMS,FLIGHT INSTRUMENTS,MASTER CAUTION OFF,,
INSTRUMENTS AND SYSTEMS,FLIGHT INSTRUMENTS,MASTER CAUTION ON,,
INSTRUMENTS AND SYSTEMS,FLIGHT INSTRUMENTS,SET MASTER CAUTION,,
INSTRUMENTS AND SYSTEMS,FLIGHT INSTRUMENTS,TOGGLE MASTER CAUTION,,
INSTRUMENTS AND SYSTEMS,FLIGHT INSTRUMENTS,ACKNOWLEDGE MASTER WARNING,,
INSTRUMENTS AND SYSTEMS,FLIGHT INSTRUMENTS,MASTER WARNING OFF,,
INSTRUMENTS AND SYSTEMS,FLIGHT INSTRUMENTS,MASTER WARNING ON,,
INSTRUMENTS AND SYSTEMS,FLIGHT INSTRUMENTS,SET MASTER WARNING,,
INSTRUMENTS AND SYSTEMS,FLIGHT INSTRUMENTS,TOGGLE MASTER WARNING,,
INSTRUMENTS AND SYSTEMS,FLIGHT INSTRUMENTS,DECREASE CLIMB RATE PRESSURE,,
INSTRUMENTS AND SYSTEMS,FLIGHT INSTRUMENTS,INCREASE CLIMB RATE PRESSURE,,
INSTRUMENTS AND SYSTEMS,FLIGHT INSTRUMENTS,SET CLIMB RATE PRESSURE,,
INSTRUMENTS AND SYSTEMS,FLIGHT INSTRUMENTS,DECREASE ALTITUDE PRESSURE,,
INSTRUMENTS AND SYSTEMS,FLIGHT INSTRUMENTS,INCREASE ALTITUDE PRESSURE,,
INSTRUMENTS AND SYSTEMS,FLIGHT INSTRUMENTS,PRESSURE DUMP SWITCH,,
INSTRUMENTS AND SYSTEMS,FLIGHT INSTRUMENTS,RESET G-FORCE INDICATOR,,
INSTRUMENTS AND SYSTEMS,FLIGHT INSTRUMENTS,TOGGLE ALTERNATE STATIC,,
INSTRUMENTS AND SYSTEMS,FLIGHT INSTRUMENTS,TOGGLE ATTITUDE CAGE,,
INSTRUMENTS AND SYSTEMS,FLIGHT INSTRUMENTS,TOGGLE AVIONICS MASTER,,
INSTRUMENTS AND SYSTEMS,FLIGHT INSTRUMENTS,TOGGLE GPS DRIVES NAV1,,
INSTRUMENTS AND SYSTEMS,FLIGHT INSTRUMENTS,TOGGLE TURN INDICATOR SWITCH,,
INSTRUMENTS AND SYSTEMS,FLIGHT INSTRUMENTS,TOGGLE VARIOMETER SWITCH,,
INSTRUMENTS AND SYSTEMS,FLIGHT INSTRUMENTS,SET TRUE AIRSPEED CALCULATOR,,
INSTRUMENTS AND SYSTEMS,FLIGHT INSTRUMENTS,DECREASE TRUE AIRSPEED INDICATOR,,
INSTRUMENTS AND SYSTEMS,FLIGHT INSTRUMENTS,INCREASE TRUE AIRSPEED INDICATOR,,
INSTRUMENTS AND SYSTEMS,FLIGHT INSTRUMENTS,SET ZULU DAY,,
INSTRUMENTS AND SYSTEMS,FLIGHT INSTRUMENTS,SET ZULU HOURS,,
INSTRUMENTS AND SYSTEMS,FLIGHT INSTRUMENTS,SET ZULU MINUTES,,
INSTRUMENTS AND SYSTEMS,FLIGHT INSTRUMENTS,SET ZULU YEAR,,
INSTRUMENTS AND SYSTEMS,FLIGHT INSTRUMENTS,AUTO HOVER OFF,,
INSTRUMENTS AND SYSTEMS,FLIGHT INSTRUMENTS,AUTO HOVER ON,,
INSTRUMENTS AND SYSTEMS,FLIGHT INSTRUMENTS,SET AUTO HOVER,,
INSTRUMENTS AND SYSTEMS,FLIGHT INSTRUMENTS,TOGGLE AUTO HOVER,,
INSTRUMENTS AND SYSTEMS,FLIGHT INSTRUMENTS,ROTOR GOVERNOR SWITCH OFF,,
INSTRUMENTS AND SYSTEMS,FLIGHT INSTRUMENTS,ROTOR GOVERNOR SWITCH ON,,
INSTRUMENTS AND SYSTEMS,FLIGHT INSTRUMENTS,TOGGLE ENGINE GOV SWITCH,,
INSTRUMENTS AND SYSTEMS,FLIGHT INSTRUMENTS,SELECT AIRSPEED BUG,,
INSTRUMENTS AND SYSTEMS,FLIGHT INSTRUMENTS,SELECT ALTITUDE BUG,,
INSTRUMENTS AND SYSTEMS,FLIGHT INSTRUMENTS,SET ALTIMETER TO MSL PRESSURE,,
INSTRUMENTS AND SYSTEMS,FLIGHT INSTRUMENTS,SET CLOCK (HOURS),,
INSTRUMENTS AND SYSTEMS,FLIGHT INSTRUMENTS,SET CLOCK (MINUTES),,
INSTRUMENTS AND SYSTEMS,FLIGHT INSTRUMENTS,SET MULTIPLE COVERS,,
INSTRUMENTS AND SYSTEMS,FLIGHT INSTRUMENTS,SET HEADING INDICATOR DRIFT,,
INSTRUMENTS AND SYSTEMS,FLIGHT INSTRUMENTS,SELECT HEADING BUG,,
INSTRUMENTS AND SYSTEMS,FLIGHT INSTRUMENTS,SET HEADING BUG,,
INSTRUMENTS AND SYSTEMS,FLIGHT INSTRUMENTS,SET HEADING INDICATOR,,
INSTRUMENTS AND SYSTEMS,FLIGHT INSTRUMENTS,SET LOW HEIGHT WARNING GAUGE,,
INSTRUMENTS AND SYSTEMS,FLIGHT INSTRUMENTS,SET LOW HEIGHT WARNING,,
INSTRUMENTS AND SYSTEMS,FLIGHT INSTRUMENTS,SET MAC CREADY SETTING,,
INSTRUMENTS AND SYSTEMS,FLIGHT INSTRUMENTS,SELECT VSI BUG,,
INSTRUMENTS AND SYSTEMS,FLIGHT INSTRUMENTS,SET FREEZE ALTITUDE,,
INSTRUMENTS AND SYSTEMS,FLIGHT INSTRUMENTS,TOGGLE FREEZE ALTITUDE,,
INSTRUMENTS AND SYSTEMS,FLIGHT INSTRUMENTS,SET FREEZE ALTITUDE,,
INSTRUMENTS AND SYSTEMS,FLIGHT INSTRUMENTS,TOGGLE FREEZE ALTITUDE,,
INSTRUMENTS AND SYSTEMS,FLIGHT INSTRUMENTS,SET FREEZE LAT/ LONG,,
INSTRUMENTS AND SYSTEMS,FLIGHT INSTRUMENTS,TOGGLE FREEZE LAT/ LONG,,
INSTRUMENTS AND SYSTEMS,FUEL,CROSS FEED LEFT TO RIGHT,,
INSTRUMENTS AND SYSTEMS,FUEL,CROSS FEED OFF,,
INSTRUMENTS AND SYSTEMS,FUEL,OPEN CROSS FEED,,
INSTRUMENTS AND SYSTEMS,FUEL,CROSS FEED RIGHT TO LEFT,,
INSTRUMENTS AND SYSTEMS,FUEL,TOGGLE CROSS FEED,,
INSTRUMENTS AND SYSTEMS,FUEL,TOGGLE FUEL FLOW BUG POSITION 1,,
INSTRUMENTS AND SYSTEMS,FUEL,TOGGLE FUEL FLOW BUG POSITION 2,,
INSTRUMENTS AND SYSTEMS,FUEL,TOGGLE FUEL FLOW BUG POSITION 3,,
INSTRUMENTS AND SYSTEMS,FUEL,TOGGLE FUEL FLOW BUG POSITION 4,,
INSTRUMENTS AND SYSTEMS,FUEL,SET FUEL DUMP SWITCH,,
INSTRUMENTS AND SYSTEMS,FUEL,TOGGLE FUEL DUMP,,
INSTRUMENTS AND SYSTEMS,FUEL,CROSSFEED FUEL SELECTOR 1,,
INSTRUMENTS AND SYSTEMS,FUEL,ISOLATE FUEL SELECTOR 1,,
INSTRUMENTS AND SYSTEMS,FUEL,FUEL SELECTOR 2 ALL,,
INSTRUMENTS AND SYSTEMS,FUEL,FUEL SELECTOR 2 CENTER,,
INSTRUMENTS AND SYSTEMS,FUEL,CROSSFEED FUEL SELECTOR 2,,
INSTRUMENTS AND SYSTEMS,FUEL,ISOLATE FUEL SELECTOR 2,,
INSTRUMENTS AND SYSTEMS,FUEL,FUEL SELECTOR 2 LEFT,,
INSTRUMENTS AND SYSTEMS,FUEL,FUEL SELECTOR 2 LEFT AUX,,
INSTRUMENTS AND SYSTEMS,FUEL,FUEL SELECTOR 2 LEFT MAIN,,
INSTRUMENTS AND SYSTEMS,FUEL,FUEL SELECTOR 2 OFF,,
INSTRUMENTS AND SYSTEMS,FUEL,FUEL SELECTOR 2 RIGHT,,
INSTRUMENTS AND SYSTEMS,FUEL,FUEL SELECTOR 2 RIGHT AUX,,
INSTRUMENTS AND SYSTEMS,FUEL,FUEL SELECTOR 2 RIGHT MAIN,,
INSTRUMENTS AND SYSTEMS,FUEL,FUEL SELECTOR 3 ALL,,
INSTRUMENTS AND SYSTEMS,FUEL,FUEL SELECTOR 3 CENTER,,
INSTRUMENTS AND SYSTEMS,FUEL,CROSSFEED FUEL SELECTOR 3,,
INSTRUMENTS AND SYSTEMS,FUEL,ISOLATE FUEL SELECTOR 3,,
INSTRUMENTS AND SYSTEMS,FUEL,FUEL SELECTOR 3 LEFT,,
INSTRUMENTS AND SYSTEMS,FUEL,FUEL SELECTOR 3 LEFT AUX,,
INSTRUMENTS AND SYSTEMS,FUEL,FUEL SELECTOR 3 LEFT MAIN,,
INSTRUMENTS AND SYSTEMS,FUEL,FUEL SELECTOR 3 OFF,,
INSTRUMENTS AND SYSTEMS,FUEL,FUEL SELECTOR 3 RIGHT,,
INSTRUMENTS AND SYSTEMS,FUEL,FUEL SELECTOR 3 RIGHT AUX,,
INSTRUMENTS AND SYSTEMS,FUEL,FUEL SELECTOR 3 RIGHT MAIN,,
INSTRUMENTS AND SYSTEMS,FUEL,FUEL SELECTOR 4 ALL,,
INSTRUMENTS AND SYSTEMS,FUEL,FUEL SELECTOR 4 CENTER,,
INSTRUMENTS AND SYSTEMS,FUEL,CROSSFEED FUEL SELECTOR 4,,
INSTRUMENTS AND SYSTEMS,FUEL,ISOLATE FUEL SELECTOR 4,,
INSTRUMENTS AND SYSTEMS,FUEL,FUEL SELECTOR 4 LEFT,,
INSTRUMENTS AND SYSTEMS,FUEL,FUEL SELECTOR 4 LEFT AUX,,
INSTRUMENTS AND SYSTEMS,FUEL,FUEL SELECTOR 4 LEFT MAIN,,
INSTRUMENTS AND SYSTEMS,FUEL,FUEL SELECTOR 4 OFF,,
INSTRUMENTS AND SYSTEMS,FUEL,FUEL SELECTOR 4 RIGHT,,
INSTRUMENTS AND SYSTEMS,FUEL,FUEL SELECTOR 4 RIGHT AUX,,
INSTRUMENTS AND SYSTEMS,FUEL,FUEL SELECTOR 4 RIGHT MAIN,,
INSTRUMENTS AND SYSTEMS,FUEL,FUEL SELECTOR 1 ALL,,
INSTRUMENTS AND SYSTEMS,FUEL,FUEL SELECTOR 1 CENTER,,
INSTRUMENTS AND SYSTEMS,FUEL,FUEL SELECTOR 1 LEFT,,
INSTRUMENTS AND SYSTEMS,FUEL,FUEL SELECTOR 1 LEFT AUX,,
INSTRUMENTS AND SYSTEMS,FUEL,FUEL SELECTOR 1 LEFT MAIN,,
INSTRUMENTS AND SYSTEMS,FUEL,FUEL SELECTOR 1 OFF,,
INSTRUMENTS AND SYSTEMS,FUEL,FUEL SELECTOR 1 RIGHT,,
INSTRUMENTS AND SYSTEMS,FUEL,FUEL SELECTOR 1 RIGHT AUX,,
INSTRUMENTS AND SYSTEMS,FUEL,FUEL SELECTOR 1 RIGHT MAIN,,
INSTRUMENTS AND SYSTEMS,FUEL,SET JUNCTION,,
INSTRUMENTS AND SYSTEMS,FUEL,PUMP OFF,,
INSTRUMENTS AND SYSTEMS,FUEL,PUMP ON,,
INSTRUMENTS AND SYSTEMS,FUEL,SET PUMP,,
INSTRUMENTS AND SYSTEMS,FUEL,TOGGLE PUMP,,
INSTRUMENTS AND SYSTEMS,FUEL,TRIGGER OFF,,
INSTRUMENTS AND SYSTEMS,FUEL,TRIGGER ON,,
INSTRUMENTS AND SYSTEMS,FUEL,SET TRIGGER,,
INSTRUMENTS AND SYSTEMS,FUEL,TOGGLE TRIGGER,,
INSTRUMENTS AND SYSTEMS,FUEL,FUEL VALVE OFF,,
INSTRUMENTS AND SYSTEMS,FUEL,FUEL VALVE ON,,
INSTRUMENTS AND SYSTEMS,FUEL,SET FUEL VALVE,,
INSTRUMENTS AND SYSTEMS,FUEL,TOGGLE FUEL VALVE,,
INSTRUMENTS AND SYSTEMS,FUEL,MANUAL FUEL PRESSURE PUMP,,
INSTRUMENTS AND SYSTEMS,FUEL,MANUAL FUEL TRANSFER,,
INSTRUMENTS AND SYSTEMS,FUEL,SET FUEL TRANSFER AFT,,
INSTRUMENTS AND SYSTEMS,FUEL,SET FUEL TRANSFER AUTO,,
INSTRUMENTS AND SYSTEMS,FUEL,SET FUEL TRANSFER FORWARD,,
INSTRUMENTS AND SYSTEMS,FUEL,SET FUEL TRANSFER OFF,,
INSTRUMENTS AND SYSTEMS,FUEL,SET ENGINE 1 FUEL VALVE,,
INSTRUMENTS AND SYSTEMS,FUEL,SET ENGINE 2 FUEL VALVE,,
INSTRUMENTS AND SYSTEMS,FUEL,SET ENGINE 3 FUEL VALVE,,
INSTRUMENTS AND SYSTEMS,FUEL,SET ENGINE 4 FUEL VALVE,,
INSTRUMENTS AND SYSTEMS,FUEL,SHUTOFF VALVE OFF,,
INSTRUMENTS AND SYSTEMS,FUEL,SHUTOFF VALVE ON,,
INSTRUMENTS AND SYSTEMS,FUEL,TOGGLE SHUTOFF VALVE,,
INSTRUMENTS AND SYSTEMS,FUEL,TOGGLE ALL FUEL VALVES,,
INSTRUMENTS AND SYSTEMS,FUEL,TOGGLE ENGINE 1 FUEL VALVE,,
INSTRUMENTS AND SYSTEMS,FUEL,TOGGLE ENGINE 2 FUEL VALVE,,
INSTRUMENTS AND SYSTEMS,FUEL,TOGGLE ENGINE 3 FUEL VALVE,,
INSTRUMENTS AND SYSTEMS,FUEL,TOGGLE ENGINE 4 FUEL VALVE,,
INSTRUMENTS AND SYSTEMS,FUEL,TOGGLE PRIMERS,,
INSTRUMENTS AND SYSTEMS,FUEL,TOGGLE PRIMER 1,,
INSTRUMENTS AND SYSTEMS,FUEL,TOGGLE PRIMER 2,,
INSTRUMENTS AND SYSTEMS,FUEL,TOGGLE PRIMER 3,,
INSTRUMENTS AND SYSTEMS,FUEL,TOGGLE PRIMER 4,,
INSTRUMENTS AND SYSTEMS,FUEL,ADD FUEL QUANTITY,,
INSTRUMENTS AND SYSTEMS,FUEL,ADD FUEL QUANTITY,,
INSTRUMENTS AND SYSTEMS,FUEL,SET FUEL SELECTOR 2,,
INSTRUMENTS AND SYSTEMS,FUEL,SET FUEL SELECTOR 3,,
INSTRUMENTS AND SYSTEMS,FUEL,SET FUEL SELECTOR 4,,
INSTRUMENTS AND SYSTEMS,FUEL,SET FUEL SELECTOR 1,,
INSTRUMENTS AND SYSTEMS,MISC,TRIGGER HORN,,
INSTRUMENTS AND SYSTEMS,HYDRAULICS,TOGGLE HYDRAULIC SWITCH,,
INSTRUMENTS AND SYSTEMS,HYDRAULICS,HYDRAULIC VALVE CLOSE,,
INSTRUMENTS AND SYSTEMS,HYDRAULICS,HYDRAULIC VALVE OPEN,,
INSTRUMENTS AND SYSTEMS,HYDRAULICS,HYDRAULIC VALVE SET,,
INSTRUMENTS AND SYSTEMS,HYDRAULICS,HYDRAULIC VALVE TOGGLE,,
INSTRUMENTS AND SYSTEMS,PNEUMATICS,DECREASE AREA TEMPERATURE,,
INSTRUMENTS AND SYSTEMS,PNEUMATICS,INCREASE AREA TEMPERATURE,,
INSTRUMENTS AND SYSTEMS,PNEUMATICS,SET AREA TEMPERATURE,,
INSTRUMENTS AND SYSTEMS,PNEUMATICS,SET JUNCTION LINE OPENING STATUS,,
INSTRUMENTS AND SYSTEMS,PNEUMATICS,PACK FLOW OFF,,
INSTRUMENTS AND SYSTEMS,PNEUMATICS,PACK FLOW ON,,
INSTRUMENTS AND SYSTEMS,PNEUMATICS,PACK FLOW SET,,
INSTRUMENTS AND SYSTEMS,PNEUMATICS,PACK FLOW MODE HIGH,,
INSTRUMENTS AND SYSTEMS,PNEUMATICS,PACK FLOW MODE LOW,,
INSTRUMENTS AND SYSTEMS,PNEUMATICS,PACK FLOW MODE NORMAL,,
INSTRUMENTS AND SYSTEMS,PNEUMATICS,PACK FLOW MODE SET,,
INSTRUMENTS AND SYSTEMS,PNEUMATICS,SET PACK OFF,,
INSTRUMENTS AND SYSTEMS,PNEUMATICS,SET PACK ON,,
INSTRUMENTS AND SYSTEMS,PNEUMATICS,SET PACK,,
INSTRUMENTS AND SYSTEMS,PNEUMATICS,TOGGLE PACK,,
INSTRUMENTS AND SYSTEMS,PNEUMATICS,DECREASE PACKS FLOW,,
INSTRUMENTS AND SYSTEMS,PNEUMATICS,INCREASE PACKS FLOW,,
INSTRUMENTS AND SYSTEMS,PNEUMATICS,SET PACKS FLOW,,
INSTRUMENTS AND SYSTEMS,PNEUMATICS,DECREASE TARGET CABIN ALTITUDE,,
INSTRUMENTS AND SYSTEMS,PNEUMATICS,INCREASE TARGET CABIN ALTITUDE,,
INSTRUMENTS AND SYSTEMS,PNEUMATICS,SET TARGET CABIN ALTITUDE,,
INSTRUMENTS AND SYSTEMS,PNEUMATICS,CLOSE VALVE,,
INSTRUMENTS AND SYSTEMS,PNEUMATICS,VALVE MODE AUTO,,
INSTRUMENTS AND SYSTEMS,PNEUMATICS,VALVE MODE CLOSED,,
INSTRUMENTS AND SYSTEMS,PNEUMATICS,VALVE MODE OPEN,,
INSTRUMENTS AND SYSTEMS,PNEUMATICS,VALVE MODE SET,,
INSTRUMENTS AND SYSTEMS,PNEUMATICS,OPEN VALVE,,
INSTRUMENTS AND SYSTEMS,PNEUMATICS,SET VALVE,,
INSTRUMENTS AND SYSTEMS,PNEUMATICS,TOGGLE VALVE,,
INSTRUMENTS AND SYSTEMS,LAUNCH BAR,SET LAUNCH BAR SWITCH,,
INSTRUMENTS AND SYSTEMS,LAUNCH BAR,TOGGLE LAUNCH BAR SWITCH,,
INSTRUMENTS AND SYSTEMS,TAIL HOOK,SET TAIL HOOK HANDLE,,
INSTRUMENTS AND SYSTEMS,SMOKE,SMOKE OFF,,
INSTRUMENTS AND SYSTEMS,SMOKE,SMOKE ON,,
INSTRUMENTS AND SYSTEMS,SMOKE,SMOKE SET,,
INSTRUMENTS AND SYSTEMS,SMOKE,SMOKE TOGGLE,,
INSTRUMENTS AND SYSTEMS,WINGS FOLD,TOGGLE WING FOLD,,
INSTRUMENTS AND SYSTEMS,WINGS FOLD,WING FOLD OFF,,
INSTRUMENTS AND SYSTEMS,WINGS FOLD,WING FOLD ON,,
INSTRUMENTS AND SYSTEMS,WINGS FOLD,SET WING FOLD,,
AUTOPILOT,AIRSPEED,AUTOPILOT AIRSPEED HOLD,,
AUTOPILOT,AIRSPEED,AUTOPILOT AIRSPEED HOLD OFF,,
AUTOPILOT,AIRSPEED,AUTOPILOT AIRSPEED HOLD ON,,
AUTOPILOT,AIRSPEED,SET AUTOPILOT AIRSPEED HOLD,,
AUTOPILOT,AIRSPEED,AUTOPILOT AIRSPEED ACQUIRE,,
AUTOPILOT,AIRSPEED,AUTOPILOT AIRSPEED HOLD CURRENT,,
AUTOPILOT,ALTITUDE,TOGGLE AUTOPILOT ALTITUDE HOLD,,
AUTOPILOT,ALTITUDE,AUTOPILOT ALTITUDE HOLD OFF,,
AUTOPILOT,ALTITUDE,AUTOPILOT ALTITUDE HOLD ON,,
AUTOPILOT,ALTITUDE,AUTOPILOT RADIO ALTITUDE MODE OFF,,
AUTOPILOT,ALTITUDE,AUTOPILOT RADIO ALTITUDE MODE ON,,
AUTOPILOT,ALTITUDE,SET AUTOPILOT RADIO ALTITUDE MODE,,
AUTOPILOT,ALTITUDE,TOGGLE AUTOPILOT RADIO ALTITUDE MODE,,
AUTOPILOT,ALTITUDE,DECREASE AUTOPILOT REFERENCE ALTITUDE,,
AUTOPILOT,ALTITUDE,INCREASE AUTOPILOT REFERENCE ALTITUDE,,
AUTOPILOT,ALTITUDE,SET AP CURRENT ALT,,
AUTOPILOT,ALTITUDE,AP ALTITUDE REFERENCE IMPERIAL,,
AUTOPILOT,ALTITUDE,AP REFERENCE ALTITUDE METRIC,,
AUTOPILOT,ALTITUDE,SET AP ALTITUDE SLOT INDEX,,
AUTOPILOT,APPROACH,TOGGLE AUTOPILOT APPROACH HOLD,,
AUTOPILOT,APPROACH,AUTOPILOT APPROACH HOLD OFF,,
AUTOPILOT,APPROACH,AUTOPILOT APPROACH HOLD ON,,
AUTOPILOT,ATTITUDE,TOGGLE AUTOPILOT ATTITUDE HOLD,,
AUTOPILOT,ATTITUDE,AUTOPILOT ATTITUDE HOLD OFF,,
AUTOPILOT,ATTITUDE,AUTOPILOT ATTITUDE HOLD ON,,
AUTOPILOT,BACKCOURSE,TOGGLE AUTOPILOT BACKCOURSE HOLD,,
AUTOPILOT,BACKCOURSE,AUTOPILOT BACK COURSE HOLD OFF,,
AUTOPILOT,BACKCOURSE,AUTOPILOT BACK COURSE HOLD ON,,
AUTOPILOT,FLIGHT LEVEL CHANGE,TOGGLE AUTOPILOT FLIGHT LEVEL CHANGE,,
AUTOPILOT,FLIGHT LEVEL CHANGE,AUTOPILOT FLIGHT LEVEL CHANGE OFF,,
AUTOPILOT,FLIGHT LEVEL CHANGE,AUTOPILOT FLIGHT LEVEL CHANGE ON,,
AUTOPILOT,HEADING,TOGGLE AUTOPILOT HEADING HOLD,,
AUTOPILOT,HEADING,AUTOPILOT HEADING HOLD OFF,,
AUTOPILOT,HEADING,AUTOPILOT HEADING HOLD ON,,
AUTOPILOT,HEADING,SET AP CURRENT HDG,,
AUTOPILOT,HEADING,SET AP HEADING SLOT INDEX,,
AUTOPILOT,LOCALIZER,TOGGLE AUTOPILOT LOCALIZER HOLD,,
AUTOPILOT,LOCALIZER,AUTOPILOT LOCALIZER HOLD OFF,,
AUTOPILOT,LOCALIZER,AUTOPILOT LOCALIZER HOLD ON,,
AUTOPILOT,MACH,TOGGLE AUTOPILOT MACH HOLD,,
AUTOPILOT,MACH,AUTOPILOT MACH HOLD OFF,,
AUTOPILOT,MACH,AUTOPILOT MACH HOLD ON,,
AUTOPILOT,MACH,SET AUTOPILOT MACH HOLD,,
AUTOPILOT,MACH,DECREASE AUTOPILOT REFERENCE MACH,,
AUTOPILOT,MACH,INCREASE AUTOPILOT REFERENCE MACH,,
AUTOPILOT,MACH,SET AUTOPILOT MACH REFERENCE,,
AUTOPILOT,MACH,SET AP MANAGED SPEED IN MACH OFF,,
AUTOPILOT,MACH,SET AP MANAGED SPEED IN MACH ON,,
AUTOPILOT,MACH,SET AP MANAGED SPEED IN MACH,,
AUTOPILOT,MACH,TOGGLE AP MANAGED SPEED IN MACH,,
AUTOPILOT,MACH,AUTOPILOT MACH HOLD CURRENT,,
AUTOPILOT,GENERAL,TOGGLE AUTOPILOT MASTER,,
AUTOPILOT,GENERAL,SET AUTOPILOT DISENGAGE,,
AUTOPILOT,GENERAL,TOGGLE DISENGAGE AUTOPILOT,,
AUTOPILOT,GENERAL,AUTOPILOT OFF,,
AUTOPILOT,GENERAL,AUTOPILOT ON,,
AUTOPILOT,BANK,DECREASE AUTOPILOT MAX BANK,,
AUTOPILOT,BANK,INCREASE AUTOPILOT MAX BANK,,
AUTOPILOT,N1,AUTOPILOT N1 HOLD,,
AUTOPILOT,N1,DECREASE AUTOPILOT N1 REFERENCE,,
AUTOPILOT,N1,INCREASE AUTOPILOT N1 REFERENCE,,
AUTOPILOT,N1,SET AUTOPILOT N1 REFERENCE,,
AUTOPILOT,NAV,SET AUTOPILOT NAV SELECT,,
AUTOPILOT,NAV,AUTOPILOT NAV1 HOLD,,
AUTOPILOT,NAV,AUTOPILOT NAV1 HOLD OFF,,
AUTOPILOT,NAV,AUTOPILOT NAV1 HOLD ON,,
AUTOPILOT,PITCH LEVELER,AUTOPILOT PITCH LEVELER HOLD,,
AUTOPILOT,PITCH LEVELER,AUTOPILOT PITCH LEVELER OFF,,
AUTOPILOT,PITCH LEVELER,AUTOPILOT PITCH LEVELER ON,,
AUTOPILOT,PITCH LEVELER,DECREASE AP PITCH HOLD REFERENCE,,
AUTOPILOT,PITCH LEVELER,INCREASE AP PITCH HOLD REFERENCE,,
AUTOPILOT,PITCH LEVELER,SELECT AP PITCH HOLD REFERENCE,,
AUTOPILOT,PITCH LEVELER,SET AP RPM SLOT INDEX,,
AUTOPILOT,SPEED,DECREASE AUTOPILOT REFERENCE AIRSPEED,,
AUTOPILOT,SPEED,INCREASE AUTOPILOT REFERENCE AIRSPEED,,
AUTOPILOT,SPEED,AP REFERENCE AIRSPEED IN KNOTS,,
AUTOPILOT,SPEED,SET AP SPEED SLOT INDEX,,
AUTOPILOT,VERTICAL SPEED,TOGGLE AUTOPILOT VS HOLD,,
AUTOPILOT,VERTICAL SPEED,AUTOPILOT VS HOLD OFF,,
AUTOPILOT,VERTICAL SPEED,AUTOPILOT VS HOLD ON,,
AUTOPILOT,VERTICAL SPEED,SET AUTOPILOT VS HOLD,,
AUTOPILOT,VERTICAL SPEED,DECREASE AUTOPILOT REFERENCE VS,,
AUTOPILOT,VERTICAL SPEED,INCREASE AUTOPILOT REFERENCE VS,,
AUTOPILOT,VERTICAL SPEED,SET AP VS SLOT INDEX,,
AUTOPILOT,VERTICAL SPEED,SET AP CURRENT VS,,
AUTOPILOT,VERTICAL SPEED,AP REFERENCE VS IMPERIAL,,
AUTOPILOT,VERTICAL SPEED,AP VS REFERENCE METRIC,,
AUTOPILOT,WING LEVELER,TOGGLE AUTOPILOT WING LEVELER,,
AUTOPILOT,WING LEVELER,AUTOPILOT WING LEVELER OFF,,
AUTOPILOT,WING LEVELER,AUTOPILOT WING LEVELER ON,,
AUTOPILOT,AUTO THROTTLE,ARM AUTO THROTTLE,,
AUTOPILOT,AUTO THROTTLE,AUTOTHROTTLE DISCONNECT,,
AUTOPILOT,AUTO THROTTLE,AUTO THROTTLE TO GA,,
AUTOPILOT,FLIGHT DIRECTOR,FLIGHT DIRECTOR PITCH SYNC,,
AUTOPILOT,FLIGHT DIRECTOR,TOGGLE FLIGHT DIRECTOR,,
AUTOPILOT,YAW DAMPER,YAW DAMPER OFF,,
AUTOPILOT,YAW DAMPER,YAW DAMPER ON,,
AUTOPILOT,YAW DAMPER,SET YAW DAMPER,,
AUTOPILOT,YAW DAMPER,TOGGLE YAW DAMPER,,
BRAKES,AUTOBRAKE,DISARM AUTOBRAKE,,
BRAKES,AUTOBRAKE,SET AUTOBRAKE HI,,
BRAKES,AUTOBRAKE,SET AUTOBRAKE LO,,
BRAKES,AUTOBRAKE,SET AUTOBRAKE MED,,
BRAKES,AUTOBRAKE,DECREASE AUTOBRAKE CONTROL,,
BRAKES,AUTOBRAKE,INCREASE AUTOBRAKE CONTROL,,
BRAKES,AUTOBRAKE,SET AUTOBRAKE CONTROL,,
BRAKES,PARKING BRAKE,SET PARKING BRAKE,,
BRAKES,PARKING BRAKE,TOGGLE PARKING BRAKES,,
BRAKES,PARKING BRAKE,PARKING BRAKES OFF,,
BRAKES,PARKING BRAKE,PARKING BRAKES ON,,
BRAKES,BRAKES,LEFT BRAKE AXIS,,
BRAKES,BRAKES,RIGHT BRAKE AXIS,,
BRAKES,BRAKES,BRAKES,,
BRAKES,BRAKES,LEFT BRAKE,,
BRAKES,BRAKES,RIGHT BRAKE,,
BRAKES,ROTOR BRAKE,SET ROTOR BRAKE,,
BRAKES,ROTOR BRAKE,ROTOR BRAKE,,
BRAKES,ROTOR BRAKE,ROTOR BRAKE OFF,,
BRAKES,ROTOR BRAKE,ROTOR BRAKE ON,,
BRAKES,ROTOR BRAKE,TOGGLE ROTOR BRAKE,,
POWER MANAGEMENT,CONDITION LEVERS,CONDITION LEVER 1 AXIS,,
POWER MANAGEMENT,CONDITION LEVERS,CONDITION LEVER 2 AXIS,,
POWER MANAGEMENT,CONDITION LEVERS,CONDITION LEVER 3 AXIS,,
POWER MANAGEMENT,CONDITION LEVERS,CONDITION LEVER 4 AXIS,,
POWER MANAGEMENT,CONDITION LEVERS,CONDITION LEVER AXIS,,
POWER MANAGEMENT,CONDITION LEVERS,CONDITION LEVER 1 CUT OFF,,
POWER MANAGEMENT,CONDITION LEVERS,DECREASE CONDITION LEVER 1,,
POWER MANAGEMENT,CONDITION LEVERS,CONDITION LEVER 1 HIGH IDLE,,
POWER MANAGEMENT,CONDITION LEVERS,INCREASE CONDITION LEVER 1,,
POWER MANAGEMENT,CONDITION LEVERS,CONDITION LEVER 1 LOW IDLE,,
POWER MANAGEMENT,CONDITION LEVERS,SET CONDITION LEVER 1,,
POWER MANAGEMENT,CONDITION LEVERS,CONDITION LEVER 2 CUT OFF,,
POWER MANAGEMENT,CONDITION LEVERS,DECREASE CONDITION LEVER 2,,
POWER MANAGEMENT,CONDITION LEVERS,CONDITION LEVER 2 HIGH IDLE,,
POWER MANAGEMENT,CONDITION LEVERS,INCREASE CONDITION LEVER 2,,
POWER MANAGEMENT,CONDITION LEVERS,CONDITION LEVER 2 LOW IDLE,,
POWER MANAGEMENT,CONDITION LEVERS,SET CONDITION LEVER 2,,
POWER MANAGEMENT,CONDITION LEVERS,CONDITION LEVER 3 CUT OFF,,
POWER MANAGEMENT,CONDITION LEVERS,DECREASE CONDITION LEVER 3,,
POWER MANAGEMENT,CONDITION LEVERS,CONDITION LEVER 3 HIGH IDLE,,
POWER MANAGEMENT,CONDITION LEVERS,INCREASE CONDITION LEVER 3,,
POWER MANAGEMENT,CONDITION LEVERS,CONDITION LEVER 3 LOW IDLE,,
POWER MANAGEMENT,CONDITION LEVERS,SET CONDITION LEVER 3,,
POWER MANAGEMENT,CONDITION LEVERS,CONDITION LEVER 4 CUT OFF,,
POWER MANAGEMENT,CONDITION LEVERS,DECREASE CONDITION LEVER 4,,
POWER MANAGEMENT,CONDITION LEVERS,CONDITION LEVER 4 HIGH IDLE,,
POWER MANAGEMENT,CONDITION LEVERS,INCREASE CONDITION LEVER 4,,
POWER MANAGEMENT,CONDITION LEVERS,CONDITION LEVER 4 LOW IDLE,,
POWER MANAGEMENT,CONDITION LEVERS,SET CONDITION LEVER 4,,
POWER MANAGEMENT,CONDITION LEVERS,CONDITION LEVER CUT OFF,,
POWER MANAGEMENT,CONDITION LEVERS,DECREASE CONDITION LEVER,,
POWER MANAGEMENT,CONDITION LEVERS,CONDITION LEVER HIGH IDLE,,
POWER MANAGEMENT,CONDITION LEVERS,INCREASE CONDITION LEVER,,
POWER MANAGEMENT,CONDITION LEVERS,CONDITION LEVER LOW IDLE,,
POWER MANAGEMENT,CONDITION LEVERS,SET CONDITION LEVER,,
POWER MANAGEMENT,MIXTURE,MIXTURE AXIS (-100 TO 100%),,
POWER MANAGEMENT,MIXTURE,MIXTURE 1 AXIS (-100 TO 100%),,
POWER MANAGEMENT,MIXTURE,MIXTURE 2 AXIS (-100 TO 100%),,
POWER MANAGEMENT,MIXTURE,MIXTURE 3 AXIS (-100 TO 100%),,
POWER MANAGEMENT,MIXTURE,MIXTURE 4 AXIS (-100 TO 100%),,
POWER MANAGEMENT,MIXTURE,DECREASE MIXTURE,,
POWER MANAGEMENT,MIXTURE,DECREASE MIXTURE (SLOW),,
POWER MANAGEMENT,MIXTURE,INCREASE MIXTURE,,
POWER MANAGEMENT,MIXTURE,INCREASE MIXTURE (SMALL),,
POWER MANAGEMENT,MIXTURE,SET MIXTURE LEAN,,
POWER MANAGEMENT,MIXTURE,SET MIXTURE RICH,,
POWER MANAGEMENT,MIXTURE,MIXTURE AXIS (0 TO 100%),,
POWER MANAGEMENT,MIXTURE,SET BEST MIXTURE,,
POWER MANAGEMENT,MIXTURE,DECREASE MIXTURE 1,,
POWER MANAGEMENT,MIXTURE,DECREASE MIXTURE 1 (SLOW),,
POWER MANAGEMENT,MIXTURE,INCREASE MIXTURE 1,,
POWER MANAGEMENT,MIXTURE,INCREASE MIXTURE 1 (SMALL),,
POWER MANAGEMENT,MIXTURE,SET MIXTURE LEAN 1,,
POWER MANAGEMENT,MIXTURE,SET MIXTURE 1 RICH,,
POWER MANAGEMENT,MIXTURE,MIXTURE 1 AXIS (0 TO 100%),,
POWER MANAGEMENT,MIXTURE,DECREASE MIXTURE 2,,
POWER MANAGEMENT,MIXTURE,DECREASE MIXTURE 2 (SLOW),,
POWER MANAGEMENT,MIXTURE,INCREASE MIXTURE 2,,
POWER MANAGEMENT,MIXTURE,INCREASE MIXTURE 2 (SMALL),,
POWER MANAGEMENT,MIXTURE,SET MIXTURE LEAN 2,,
POWER MANAGEMENT,MIXTURE,SET MIXTURE 2 RICH,,
POWER MANAGEMENT,MIXTURE,MIXTURE 2 AXIS (0 TO 100%),,
POWER MANAGEMENT,MIXTURE,DECREASE MIXTURE 3,,
POWER MANAGEMENT,MIXTURE,DECREASE MIXTURE 3 (SLOW),,
POWER MANAGEMENT,MIXTURE,INCREASE MIXTURE 3,,
POWER MANAGEMENT,MIXTURE,INCREASE MIXTURE 3 (SMALL),,
POWER MANAGEMENT,MIXTURE,SET MIXTURE LEAN 3,,
POWER MANAGEMENT,MIXTURE,SET MIXTURE 3 RICH,,
POWER MANAGEMENT,MIXTURE,MIXTURE 3 AXIS (0 TO 100%),,
POWER MANAGEMENT,MIXTURE,DECREASE MIXTURE 4,,
POWER MANAGEMENT,MIXTURE,DECREASE MIXTURE 4 (SLOW),,
POWER MANAGEMENT,MIXTURE,INCREASE MIXTURE 4,,
POWER MANAGEMENT,MIXTURE,INCREASE MIXTURE 4 (SMALL),,
POWER MANAGEMENT,MIXTURE,SET MIXTURE LEAN 4,,
POWER MANAGEMENT,MIXTURE,SET MIXTURE 4 RICH,,
POWER MANAGEMENT,MIXTURE,MIXTURE 4 AXIS (0 TO 100%),,
POWER MANAGEMENT,PROPELLER,PROPELLER AXIS,,
POWER MANAGEMENT,PROPELLER,DECREASE PROPELLER PITCH,,
POWER MANAGEMENT,PROPELLER,DECREASE PROPELLER PITCH (SMALL),,
POWER MANAGEMENT,PROPELLER,PROPELLER PITCH HI,,
POWER MANAGEMENT,PROPELLER,INCREASE PROPELLER PITCH,,
POWER MANAGEMENT,PROPELLER,INCREASE PROPELLER PITCH (SMALL),,
POWER MANAGEMENT,PROPELLER,PROPELLER PITCH LO,,
POWER MANAGEMENT,PROPELLER,PROPELLER 1 AXIS,,
POWER MANAGEMENT,PROPELLER,DECREASE PROPELLER 1 PITCH,,
POWER MANAGEMENT,PROPELLER,DECREASE PROPELLER 1 PITCH (SMALL),,
POWER MANAGEMENT,PROPELLER,PROPELLER 1 PITCH HI,,
POWER MANAGEMENT,PROPELLER,INCREASE PROPELLER 1 PITCH,,
POWER MANAGEMENT,PROPELLER,INCREASE PROPELLER 1 PITCH (SMALL),,
POWER MANAGEMENT,PROPELLER,PROPELLER 1 PITCH LO,,
POWER MANAGEMENT,PROPELLER,PROPELLER 2 AXIS,,
POWER MANAGEMENT,PROPELLER,DECREASE PROPELLER 2 PITCH,,
POWER MANAGEMENT,PROPELLER,DECREASE PROPELLER 2 PITCH (SMALL),,
POWER MANAGEMENT,PROPELLER,PROPELLER 2 PITCH HI,,
POWER MANAGEMENT,PROPELLER,INCREASE PROPELLER 2 PITCH,,
POWER MANAGEMENT,PROPELLER,INCREASE PROPELLER 2 PITCH (SMALL),,
POWER MANAGEMENT,PROPELLER,PROPELLER 2 PITCH LO,,
POWER MANAGEMENT,PROPELLER,PROPELLER 3 AXIS,,
POWER MANAGEMENT,PROPELLER,DECREASE PROPELLER 3 PITCH,,
POWER MANAGEMENT,PROPELLER,DECREASE PROPELLER 3 PITCH (SMALL),,
POWER MANAGEMENT,PROPELLER,PROPELLER 3 PITCH HI,,
POWER MANAGEMENT,PROPELLER,INCREASE PROPELLER 3 PITCH,,
POWER MANAGEMENT,PROPELLER,INCREASE PROPELLER 3 PITCH (SMALL),,
POWER MANAGEMENT,PROPELLER,PROPELLER 3 PITCH LO,,
POWER MANAGEMENT,PROPELLER,PROPELLER 4 AXIS,,
POWER MANAGEMENT,PROPELLER,DECREASE PROPELLER 4 PITCH,,
POWER MANAGEMENT,PROPELLER,DECREASE PROPELLER 4 PITCH (SMALL),,
POWER MANAGEMENT,PROPELLER,PROPELLER 4 PITCH HI,,
POWER MANAGEMENT,PROPELLER,INCREASE PROPELLER 4 PITCH,,
POWER MANAGEMENT,PROPELLER,INCREASE PROPELLER 4 PITCH (SMALL),,
POWER MANAGEMENT,PROPELLER,PROPELLER 4 PITCH LO,,
POWER MANAGEMENT,PROPELLER,HOLD PROPELLER REVERSE THRUST,,
POWER MANAGEMENT,PROPELLER,TOGGLE PROPELLER REVERSE THRUST,,
POWER MANAGEMENT,PROPELLER,TOGGLE AUTOFEATHER ARMING,,
POWER MANAGEMENT,PROPELLER,TOGGLE FEATHER SWITCH 1,,
POWER MANAGEMENT,PROPELLER,TOGGLE FEATHER SWITCH 2,,
POWER MANAGEMENT,PROPELLER,TOGGLE FEATHER SWITCH 3,,
POWER MANAGEMENT,PROPELLER,TOGGLE FEATHER SWITCH 4,,
POWER MANAGEMENT,PROPELLER,TOGGLE FEATHER SWITCHES,,
POWER MANAGEMENT,PROPELLER,TOGGLE PROPELLER SYNC,,
POWER MANAGEMENT,THROTTLE,THROTTLE 10%,,
POWER MANAGEMENT,THROTTLE,THROTTLE 20%,,
POWER MANAGEMENT,THROTTLE,THROTTLE 30%,,
POWER MANAGEMENT,THROTTLE,THROTTLE 40%,,
POWER MANAGEMENT,THROTTLE,THROTTLE 50%,,
POWER MANAGEMENT,THROTTLE,THROTTLE 60%,,
POWER MANAGEMENT,THROTTLE,THROTTLE 70%,,
POWER MANAGEMENT,THROTTLE,THROTTLE 80%,,
POWER MANAGEMENT,THROTTLE,THROTTLE 90%,,
POWER MANAGEMENT,THROTTLE,THROTTLE AXIS,,
POWER MANAGEMENT,THROTTLE,THROTTLE NEXT DETENT,,
POWER MANAGEMENT,THROTTLE,INCREASE THROTTLE (SMALL),,
POWER MANAGEMENT,THROTTLE,HOLD THROTTLE REVERSE THRUST,,
POWER MANAGEMENT,THROTTLE,THROTTLE 1 AXIS,,
POWER MANAGEMENT,THROTTLE,THROTTLE 1 CUT,,
POWER MANAGEMENT,THROTTLE,THROTTLE 1 DECREASE,,
POWER MANAGEMENT,THROTTLE,FULL THROTTLE 1,,
POWER MANAGEMENT,THROTTLE,THROTTLE 1 INCREASE,,
POWER MANAGEMENT,THROTTLE,THROTTLE 1 INCREASE (SMALL),,
POWER MANAGEMENT,THROTTLE,THROTTLE 1 AXIS (0 TO 100%),,
POWER MANAGEMENT,THROTTLE,THROTTLE 2 AXIS,,
POWER MANAGEMENT,THROTTLE,THROTTLE 2 CUT,,
POWER MANAGEMENT,THROTTLE,THROTTLE 2 DECREASE,,
POWER MANAGEMENT,THROTTLE,FULL THROTTLE 2,,
POWER MANAGEMENT,THROTTLE,THROTTLE 2 INCREASE,,
POWER MANAGEMENT,THROTTLE,THROTTLE 2 INCREASE (SMALL),,
POWER MANAGEMENT,THROTTLE,THROTTLE 2 AXIS (0 TO 100%),,
POWER MANAGEMENT,THROTTLE,THROTTLE 3 AXIS,,
POWER MANAGEMENT,THROTTLE,THROTTLE 3 CUT,,
POWER MANAGEMENT,THROTTLE,THROTTLE 3 DECREASE,,
POWER MANAGEMENT,THROTTLE,FULL THROTTLE 3,,
POWER MANAGEMENT,THROTTLE,THROTTLE 3 INCREASE,,
POWER MANAGEMENT,THROTTLE,THROTTLE 3 INCREASE (SMALL),,
POWER MANAGEMENT,THROTTLE,THROTTLE 3 AXIS (0 TO 100%),,
POWER MANAGEMENT,THROTTLE,THROTTLE 4 AXIS,,
POWER MANAGEMENT,THROTTLE,THROTTLE 4 CUT,,
POWER MANAGEMENT,THROTTLE,THROTTLE 4 DECREASE,,
POWER MANAGEMENT,THROTTLE,FULL THROTTLE 4,,
POWER MANAGEMENT,THROTTLE,THROTTLE 4 INCREASE,,
POWER MANAGEMENT,THROTTLE,THROTTLE 4 INCREASE (SMALL),,
POWER MANAGEMENT,THROTTLE,THROTTLE 4 AXIS (0 TO 100%),,
POWER MANAGEMENT,THROTTLE,SET HELICOPTER THROTTLE AXIS,,
POWER MANAGEMENT,THROTTLE,SET HELICOPTER THROTTLE 1 AXIS,,
POWER MANAGEMENT,THROTTLE,SET HELICOPTER THROTTLE 2 AXIS,,
POWER MANAGEMENT,THROTTLE,CUT HELICOPTER THROTTLE,,
POWER MANAGEMENT,THROTTLE,DECREASE HELICOPTER THROTTLE,,
POWER MANAGEMENT,THROTTLE,FULL HELICOPTER THROTTLE,,
POWER MANAGEMENT,THROTTLE,INCREASE HELICOPTER THROTTLE,,
POWER MANAGEMENT,THROTTLE,SET HELICOPTER THROTTLE,,
POWER MANAGEMENT,THROTTLE,CUT HELICOPTER THROTTLE 1,,
POWER MANAGEMENT,THROTTLE,DECREASE HELICOPTER THROTTLE 1,,
POWER MANAGEMENT,THROTTLE,FULL HELICOPTER THROTTLE 1,,
POWER MANAGEMENT,THROTTLE,INCREASE HELICOPTER THROTTLE 1,,
POWER MANAGEMENT,THROTTLE,SET HELICOPTER THROTTLE 1,,
POWER MANAGEMENT,THROTTLE,CUT HELICOPTER THROTTLE 1,,
POWER MANAGEMENT,THROTTLE,DECREASE HELICOPTER THROTTLE 1,,
POWER MANAGEMENT,THROTTLE,FULL HELICOPTER THROTTLE 1,,
POWER MANAGEMENT,THROTTLE,INCREASE HELICOPTER THROTTLE 1,,
POWER MANAGEMENT,THROTTLE,SET HELICOPTER THROTTLE 1,,
POWER MANAGEMENT,COLLECTIVE,COLLECTIVE AXIS,,
POWER MANAGEMENT,COLLECTIVE,DECREMENT COLLECTIVE,,
POWER MANAGEMENT,COLLECTIVE,INCREMENT COLLECTIVE,,
POWER MANAGEMENT,ROTOR CLUTCH,SET ROTOR CLUTCH SWITCH,,
POWER MANAGEMENT,ROTOR CLUTCH,TOGGLE ROTOR CLUTCH SWITCH,,
LANDING GEAR,WHEEL STEERING,NOSE WHEEL STEERING AXIS,,
LANDING GEAR,WHEEL STEERING,SET NOSE WHEEL STEERING TO LIMIT,,
LANDING GEAR,WHEEL STEERING,DECREASE STEERING,,
LANDING GEAR,WHEEL STEERING,INCREASE STEERING,,
LANDING GEAR,WHEEL STEERING,SET STEERING,,
LANDING GEAR,WHEEL STEERING,TOGGLE TAIL WHEEL LOCK,,
LANDING GEAR,GEARS,GEAR DOWN,,
LANDING GEAR,GEARS,TOGGLE GEAR EMERGENCY HANDLE,,
LANDING GEAR,GEARS,SET GEAR,,
LANDING GEAR,GEARS,TOGGLE LANDING GEAR,,
LANDING GEAR,GEARS,GEAR UP,,
TOOLS,SIMULATION SHORTCUTS,MUTE MARKER BEACON,,
TOOLS,SIMULATION SHORTCUTS,SET MARKER SOUND,,
TOOLS,SIMULATION SHORTCUTS,TOGGLE MARKER SOUND,,
TOOLS,SIMULATION SHORTCUTS,REPAIR AND REFUEL,,
TOOLS,SIMULATION SHORTCUTS,SELECT 1,,
TOOLS,SIMULATION SHORTCUTS,SELECT 2,,
TOOLS,SIMULATION SHORTCUTS,SELECT 3,,
TOOLS,SIMULATION SHORTCUTS,SELECT 4,,
TOOLS,SIMULATION SHORTCUTS,TOGGLE VARIOMETER SOUND,,
TOOLS,SIMULATION SHORTCUTS,QUICK TRIM,,
TOOLS,SIMULATION SHORTCUTS,TOGGLE ACTIVE PAUSE,,
TOOLS,SIMULATION SHORTCUTS,TOGGLE DELEGATE CONTROL TO COPILOT,,
TOOLS,SIMULATION SHORTCUTS,SET ALTIMETER,,
TOOLS,SIMULATION SHORTCUTS,ENGINE AUTOSTOP,,
TOOLS,SIMULATION SHORTCUTS,AUTO START ENGINE,,
TOOLS,SIMULATION SHORTCUTS,GAUGE KEYSTROKE,,
TOOLS,SIMULATION SHORTCUTS,INCREASE WHEEL SPEED,,
TOOLS,SIMULATION SHORTCUTS,MINUS,,
TOOLS,SIMULATION SHORTCUTS,PLUS,,
TOOLS,SIMULATION SHORTCUTS,TRANSPONDER,,
TOOLS,SIMULATION SHORTCUTS,NEXT FLIGHT PHASE,,
TOOLS,SIMULATION SHORTCUTS,SET PAUSE OFF,,
TOOLS,SIMULATION SHORTCUTS,SET PAUSE ON,,
TOOLS,SIMULATION SHORTCUTS,TOGGLE PAUSE,,
TOOLS,SIMULATION SHORTCUTS,BACK ON TRACK,,
TOOLS,SIMULATION SHORTCUTS,BACK TO FLY,,
TOOLS,SIMULATION SHORTCUTS,HEADPHONE SIMULATION OFF,,
TOOLS,SIMULATION SHORTCUTS,HEADPHONE SIMULATION ON,,
TOOLS,SIMULATION SHORTCUTS,TOGGLE HEADPHONE SIMULATION,,
TOOLS,SIMULATION SHORTCUTS,SIM RATE,,
TOOLS,SIMULATION SHORTCUTS,DECREASE SIM RATE,,
TOOLS,SIMULATION SHORTCUTS,INCREASE SIM RATE,,
TOOLS,SIMULATION SHORTCUTS,NEW UI WINDOW MODE,,
TOOLS,EFB,TOGGLE EFB,,
TOOLS,CHECKLIST,DISPLAY CHECKLIST,,
TOOLS,ASSISTANCES,DISPLAY VISUAL ASSISTANCES OFF,,
TOOLS,ASSISTANCES,DISPLAY VISUAL ASSISTANCES ON,,
TOOLS,ASSISTANCES,SET VISUAL ASSISTANCES DISPLAY,,
TOOLS,ASSISTANCES,TOGGLE VISUAL ASSISTANCES DISPLAY,,
TOOLS,ASSISTANCES,CFD ON,,
TOOLS,ASSISTANCES,CFD OFF,,
TOOLS,ASSISTANCES,TOGGLE CFD,,
TOOLS,ASSISTANCES,LANDING RIBBON OFF,,
TOOLS,ASSISTANCES,LANDING RIBBON ON,,
TOOLS,ASSISTANCES,TOGGLE LANDING RIBBON,,
TOOLS,ASSISTANCES,NAMEPLATES OFF,,
TOOLS,ASSISTANCES,NAMEPLATES ON,,
TOOLS,ASSISTANCES,TOGGLE NAMEPLATES,,
TOOLS,ASSISTANCES,TAXI RIBBON OFF,,
TOOLS,ASSISTANCES,TAXI RIBBON ON,,
TOOLS,ASSISTANCES,TOGGLE TAXI RIBBON,,
TOOLS,ASSISTANCES,3D THERMALS DISPLAY OFF,,
TOOLS,ASSISTANCES,3D THERMALS DISPLAY ON,,
TOOLS,ASSISTANCES,TOGGLE 3D THERMALS DISPLAY,,
TOOLS,CONTROLS,TOGGLE BASIC CONTROL PANEL,,
TOOLS,NAVLOG,DISPLAY NAVLOG,,
TOOLS,MAP,DISPLAY MAP,,
TOOLS,FLIGHT ASSISTANT,TOGGLE FLIGHT ASSISTANT,,
MULTIPLAYER,PLAYERS DISPLAY,DISPLAY PLAYERS OFF,,
MULTIPLAYER,PLAYERS DISPLAY,DISPLAY PLAYERS ON,,
MULTIPLAYER,PLAYERS DISPLAY,TOGGLE DISPLAY PLAYERS,,
ORNITHOPTER,BOOST,ORNITHOPTER SET AFTERBURNER,,
ORNITHOPTER,DIVE MODE,ORNITHOPTER DIVE MODE OFF,,
ORNITHOPTER,DIVE MODE,ORNITHOPTER DIVE MODE ON,,
ORNITHOPTER,DIVE MODE,TOGGLE ORNITHOPTER DIVE MODE,,
ORNITHOPTER,GLIDE MODE,ORNITHOPTER GLIDE MODE OFF,,
ORNITHOPTER,GLIDE MODE,ORNITHOPTER GLIDE MODE ON,,
ORNITHOPTER,GLIDE MODE,TOGGLE ORNITHOPTER GLIDE MODE,,
ORNITHOPTER,WINGS BRAKE,ORNITHOPTER SET WINGS BRAKE,,
COMMUNICATIONS,CONNUNICATIONS,SET PILOT TRANSMITTER,,
COMMUNICATIONS,CONNUNICATIONS,TOGGLE SPEAKER,,
COMMUNICATIONS,CONNUNICATIONS,OPEN COMMUNICATIONS PANEL,,
COMMUNICATIONS,CONNUNICATIONS,QUICK REPLY,,
COMMUNICATIONS,CONNUNICATIONS,SET COPILOT TRANSMITTER,,
COMMUNICATIONS,CONNUNICATIONS,FREQUENCY SWAP,,
COMMUNICATIONS,GROUND SERVICE EQUIPMENT,REQUEST CATERING TRUCK,,
COMMUNICATIONS,GROUND SERVICE EQUIPMENT,REQUEST FUEL,,
COMMUNICATIONS,GROUND SERVICE EQUIPMENT,REQUEST LUGGAGE TRUCK,,
COMMUNICATIONS,GROUND SERVICE EQUIPMENT,REQUEST POWER SUPPLY,,
COMMUNICATIONS,GROUND SERVICE EQUIPMENT,REQUEST RAMP TRUCK,,
COMMUNICATIONS,GROUND SERVICE EQUIPMENT,TOGGLE PUSHBACK,,
COMMUNICATIONS,ATC,ATC PANEL CHOICE 0,,
COMMUNICATIONS,ATC,ATC PANEL CHOICE 1,,
COMMUNICATIONS,ATC,ATC PANEL CHOICE 2,,
COMMUNICATIONS,ATC,ATC PANEL CHOICE 3,,
COMMUNICATIONS,ATC,ATC PANEL CHOICE 4,,
COMMUNICATIONS,ATC,ATC PANEL CHOICE 5,,
COMMUNICATIONS,ATC,ATC PANEL CHOICE 6,,
COMMUNICATIONS,ATC,ATC PANEL CHOICE 7,,
COMMUNICATIONS,ATC,ATC PANEL CHOICE 8,,
COMMUNICATIONS,ATC,ATC PANEL CHOICE 9,,
COMMUNICATIONS,ATC,DISPLAY ATC,,
LIQUID DROP SYSTEM,SPRAY,SPRAY OFF,,
LIQUID DROP SYSTEM,SPRAY,SPRAY ON,,
LIQUID DROP SYSTEM,SPRAY,SET SPRAY,,
LIQUID DROP SYSTEM,SPRAY,TOGGLE SPRAY,,
CAMERA,MOTION CONTROL,EYE TRACKING RESET,,
CAMERA,MOTION CONTROL,TOGGLE HEAD TRACKING,,
CAMERA,CAMERA MODE SWITCHES,COCKPIT/ EXTERNAL VIEW MODE,,
CAMERA,CAMERA MODE SWITCHES,TOGGLE DRONE,,
CAMERA,COCKPIT CAMERA,IFR PILOT VIEW RESET,,
CAMERA,COCKPIT CAMERA,IFR PILOT VIEW SAVE,,
CAMERA,COCKPIT CAMERA,LANDING PILOT VIEW RESET,,
CAMERA,COCKPIT CAMERA,LANDING PILOT VIEW SAVE,,
CAMERA,COCKPIT CAMERA,VFR PILOT VIEW RESET,,
CAMERA,COCKPIT CAMERA,VFR PILOT VIEW SAVE,,
CAMERA,COCKPIT CAMERA,TOGGLE IFR COCKPIT MODE (HOLD),,
CAMERA,COCKPIT CAMERA,TOGGLE IFR COCKPIT MODE,,
CAMERA,COCKPIT CAMERA,HOLD COPILOT VIEW,,
CAMERA,COCKPIT CAMERA,TOGGLE COPILOT VIEW,,
CAMERA,COCKPIT CAMERA,TOGGLE VFR COCKPIT MODE (HOLD),,
CAMERA,COCKPIT CAMERA,TOGGLE VFR COCKPIT MODE,,
CAMERA,COCKPIT CAMERA,HOLD HUD VIEW,,
CAMERA,COCKPIT CAMERA,TOGGLE HUD VIEW,,
CAMERA,COCKPIT CAMERA,TOGGLE LANDING COCKPIT MODE (HOLD),,
CAMERA,COCKPIT CAMERA,TOGGLE LANDING COCKPIT MODE,,
CAMERA,COCKPIT CAMERA,TOGGLE COCKPIT FREELOOK,,
CAMERA,COCKPIT CAMERA,TOGGLE COCKPIT VIEW FREELOOK (HOLD),,
CAMERA,COCKPIT CAMERA,COCKPIT QUICKVIEW UP,,
CAMERA,COCKPIT CAMERA,COCKPIT QUICKVIEW REAR,,
CAMERA,COCKPIT CAMERA,COCKPIT QUICKVIEW RIGHT,,
CAMERA,COCKPIT CAMERA,COCKPIT QUICKVIEW LEFT,,
CAMERA,COCKPIT CAMERA,COCKPIT QUICKVIEW 120° LEFT,,
CAMERA,COCKPIT CAMERA,COCKPIT QUICKVIEW 45° LEFT,,
CAMERA,COCKPIT CAMERA,COCKPIT QUICKVIEW 45° RIGHT,,
CAMERA,COCKPIT CAMERA,COCKPIT QUICKVIEW 120° RIGHT,,
CAMERA,COCKPIT CAMERA,COCKPIT VIEW QUICKVIEW CYCLE,,
CAMERA,COCKPIT CAMERA,COCKPIT VIEW UPPER,,
CAMERA,COCKPIT CAMERA,COCKPIT VIEW ZOOM AXIS,,
CAMERA,COCKPIT CAMERA,COCKPIT VIEW ZOOM AXIS (LOCKABLE),,
CAMERA,COCKPIT CAMERA,COCKPIT VIEW YAW AXIS,,
CAMERA,COCKPIT CAMERA,COCKPIT VIEW PITCH AXIS,,
CAMERA,COCKPIT CAMERA,COCKPIT VIEW YAW AXIS (LOCKABLE),,
CAMERA,COCKPIT CAMERA,COCKPIT VIEW PITCH AXIS (LOCKABLE),,
CAMERA,COCKPIT CAMERA,COCKPIT LOOK DOWN (LOCKABLE),,
CAMERA,COCKPIT CAMERA,COCKPIT LOOK DOWN LEFT (LOCKABLE),,
CAMERA,COCKPIT CAMERA,COCKPIT LOOK DOWN RIGHT (LOCKABLE),,
CAMERA,COCKPIT CAMERA,COCKPIT LOOK LEFT (LOCKABLE),,
CAMERA,COCKPIT CAMERA,COCKPIT LOOK RIGHT (LOCKABLE),,
CAMERA,COCKPIT CAMERA,COCKPIT LOOK UP (LOCKABLE),,
CAMERA,COCKPIT CAMERA,COCKPIT LOOK UP LEFT (LOCKABLE),,
CAMERA,COCKPIT CAMERA,COCKPIT LOOK UP RIGHT (LOCKABLE),,
CAMERA,COCKPIT CAMERA,COCKPIT LOOK DOWN,,
CAMERA,COCKPIT CAMERA,COCKPIT LOOK DOWN LEFT,,
CAMERA,COCKPIT CAMERA,COCKPIT LOOK DOWN RIGHT,,
CAMERA,COCKPIT CAMERA,COCKPIT LOOK LEFT,,
CAMERA,COCKPIT CAMERA,COCKPIT LOOK RIGHT,,
CAMERA,COCKPIT CAMERA,COCKPIT LOOK UP,,
CAMERA,COCKPIT CAMERA,COCKPIT LOOK UP LEFT,,
CAMERA,COCKPIT CAMERA,COCKPIT LOOK UP RIGHT,,
CAMERA,COCKPIT CAMERA,UNZOOM COCKPIT VIEW,,
CAMERA,COCKPIT CAMERA,UNZOOM COCKPIT (LOCKABLE),,
CAMERA,COCKPIT CAMERA,ZOOM COCKPIT VIEW,,
CAMERA,COCKPIT CAMERA,ZOOM COCKPIT (LOCKABLE),,
CAMERA,COCKPIT CAMERA,DECREASE COCKPIT VIEW HEIGHT,,
CAMERA,COCKPIT CAMERA,COCKPIT CAMERA HEIGHT DEC (LOCKABLE),,
CAMERA,COCKPIT CAMERA,INCREASE COCKPIT VIEW HEIGHT,,
CAMERA,COCKPIT CAMERA,COCKPIT CAMERA HEIGHT INC (LOCKABLE),,
CAMERA,COCKPIT CAMERA,TRANSLATE COCKPIT VIEW BACKWARD,,
CAMERA,COCKPIT CAMERA,COCKPIT CAMERA SLIDE BACK (LOCKABLE),,
CAMERA,COCKPIT CAMERA,TRANSLATE COCKPIT VIEW FORWARD,,
CAMERA,COCKPIT CAMERA,COCKPIT CAMERA SLIDE FRONT (LOCKABLE),,
CAMERA,COCKPIT CAMERA,TRANSLATE COCKPIT VIEW LEFT,,
CAMERA,COCKPIT CAMERA,COCKPIT CAMERA SLIDE LEFT (LOCKABLE),,
CAMERA,COCKPIT CAMERA,TRANSLATE COCKPIT VIEW RIGHT,,
CAMERA,COCKPIT CAMERA,COCKPIT CAMERA SLIDE RIGHT (LOCKABLE),,
CAMERA,COCKPIT CAMERA,COCKPIT VIEW X TRANSLATION AXIS,,
CAMERA,COCKPIT CAMERA,COCKPIT VIEW X TRANSLATION AXIS (LOCKABLE),,
CAMERA,COCKPIT CAMERA,COCKPIT VIEW Y TRANSLATION AXIS,,
CAMERA,COCKPIT CAMERA,COCKPIT VIEW Y TRANSLATION AXIS (LOCKABLE),,
CAMERA,COCKPIT CAMERA,COCKPIT VIEW Z TRANSLATION AXIS,,
CAMERA,COCKPIT CAMERA,COCKPIT VIEW Z TRANSLATION AXIS (LOCKABLE),,
CAMERA,COCKPIT CAMERA,TOGGLE CAMERA LOCK,,
CAMERA,COCKPIT CAMERA,TOGGLE COCKPIT FOCUS MODE,,
CAMERA,COCKPIT CAMERA,RESET COCKPIT VIEW,,
CAMERA,COCKPIT CAMERA,PREVIOUS PILOT POSITION,,
CAMERA,COCKPIT CAMERA,NEXT PILOT POSITION,,
CAMERA,COCKPIT CAMERA,TOGGLE COCKPIT VIEW,,
CAMERA,COCKPIT CAMERA,LOAD CUSTOM CAMERA 0,,
CAMERA,COCKPIT CAMERA,LOAD CUSTOM CAMERA 1,,
CAMERA,COCKPIT CAMERA,LOAD CUSTOM CAMERA 2,,
CAMERA,COCKPIT CAMERA,LOAD CUSTOM CAMERA 3,,
CAMERA,COCKPIT CAMERA,LOAD CUSTOM CAMERA 4,,
CAMERA,COCKPIT CAMERA,LOAD CUSTOM CAMERA 5,,
CAMERA,COCKPIT CAMERA,LOAD CUSTOM CAMERA 6,,
CAMERA,COCKPIT CAMERA,LOAD CUSTOM CAMERA 7,,
CAMERA,COCKPIT CAMERA,LOAD CUSTOM CAMERA 8,,
CAMERA,COCKPIT CAMERA,LOAD CUSTOM CAMERA 9,,
CAMERA,COCKPIT CAMERA,LOAD NEXT CUSTOM CAMERA,,
CAMERA,COCKPIT CAMERA,LOAD PREVIOUS CUSTOM CAMERA,,
CAMERA,COCKPIT CAMERA,SAVE CUSTOM CAMERA 0,,
CAMERA,COCKPIT CAMERA,SAVE CUSTOM CAMERA 1,,
CAMERA,COCKPIT CAMERA,SAVE CUSTOM CAMERA 2,,
CAMERA,COCKPIT CAMERA,SAVE CUSTOM CAMERA 3,,
CAMERA,COCKPIT CAMERA,SAVE CUSTOM CAMERA 4,,
CAMERA,COCKPIT CAMERA,SAVE CUSTOM CAMERA 5,,
CAMERA,COCKPIT CAMERA,SAVE CUSTOM CAMERA 6,,
CAMERA,COCKPIT CAMERA,SAVE CUSTOM CAMERA 7,,
CAMERA,COCKPIT CAMERA,SAVE CUSTOM CAMERA 8,,
CAMERA,COCKPIT CAMERA,SAVE CUSTOM CAMERA 9,,
CAMERA,DRONE CAMERA,TOGGLE DRONE DEPTH OF FIELD,,
CAMERA,DRONE CAMERA,TOGGLE FOREGROUND BLUR,,
CAMERA,DRONE CAMERA,DRONE TOP DOWN VIEW,,
CAMERA,DRONE CAMERA,ATTACH DRONE TO NEXT TARGET,,
CAMERA,DRONE CAMERA,ATTACH DRONE TO PREVIOUS TARGET,,
CAMERA,DRONE CAMERA,TOGGLE DRONE AUTO EXPOSURE,,
CAMERA,DRONE CAMERA,TOGGLE DRONE AUTO FOCUS,,
CAMERA,DRONE CAMERA,SET DRONE DEPTH OF FIELD AXIS,,
CAMERA,DRONE CAMERA,SET DRONE EXPOSURE AXIS,,
CAMERA,DRONE CAMERA,DRONE ROLL AXIS,,
CAMERA,DRONE CAMERA,DRONE ROLL AXIS (LOCKABLE),,
CAMERA,DRONE CAMERA,DECREASE DRONE ROTATION SPEED,,
CAMERA,DRONE CAMERA,DECREASE DRONE TRANSLATION SPEED,,
CAMERA,DRONE CAMERA,DECREASE DRONE DEPTH OF FIELD,,
CAMERA,DRONE CAMERA,INCREASE DRONE DEPTH OF FIELD,,
CAMERA,DRONE CAMERA,DECREASE DRONE EXPOSURE,,
CAMERA,DRONE CAMERA,INCREASE DRONE EXPOSURE,,
CAMERA,DRONE CAMERA,INCREASE DRONE ROTATION SPEED,,
CAMERA,DRONE CAMERA,INCREASE DRONE TRANSLATION SPEED,,
CAMERA,DRONE CAMERA,LOCK DRONE TO NEXT TARGET,,
CAMERA,DRONE CAMERA,LOCK DRONE TO PREVIOUS TARGET,,
CAMERA,DRONE CAMERA,DRONE IN / OUT REWIND,,
CAMERA,DRONE CAMERA,DRONE IN / OUT PLAY,,
CAMERA,DRONE CAMERA,RESET DRONE ROLL,,
CAMERA,DRONE CAMERA,RESET DRONE TARGET OFFSET,,
CAMERA,DRONE CAMERA,SET DRONE BOOKMARK IN,,
CAMERA,DRONE CAMERA,SET DRONE BOOKMARK OUT,,
CAMERA,DRONE CAMERA,SET DRONE TARGET,,
CAMERA,DRONE CAMERA,TOGGLE DRONE FOLLOW MODE,,
CAMERA,DRONE CAMERA,TOGGLE DRONE LOCK MODE,,
CAMERA,DRONE CAMERA,DRONE PITCH AXIS,,
CAMERA,DRONE CAMERA,DRONE PITCH AXIS (LOCKABLE),,
CAMERA,DRONE CAMERA,DRONE YAW AXIS,,
CAMERA,DRONE CAMERA,DRONE YAW AXIS (LOCKABLE),,
CAMERA,DRONE CAMERA,DRONE X TRANSLATION AXIS,,
CAMERA,DRONE CAMERA,DRONE X TRANSLATION AXIS (LOCKABLE),,
CAMERA,DRONE CAMERA,DRONE Y TRANSLATION AXIS,,
CAMERA,DRONE CAMERA,DRONE Y TRANSLATION AXIS (LOCKABLE),,
CAMERA,DRONE CAMERA,DRONE Z TRANSLATION AXIS,,
CAMERA,DRONE CAMERA,DRONE Z TRANSLATION AXIS (LOCKABLE),,
CAMERA,DRONE CAMERA,SET DRONE ZOOM AXIS,,
CAMERA,DRONE CAMERA,TRANSLATE DRONE BACKWARD,,
CAMERA,DRONE CAMERA,TRANSLATE DRONE DOWN,,
CAMERA,DRONE CAMERA,TRANSLATE DRONE FORWARD,,
CAMERA,DRONE CAMERA,TRANSLATE DRONE LEFT,,
CAMERA,DRONE CAMERA,TRANSLATE DRONE RIGHT,,
CAMERA,DRONE CAMERA,TRANSLATE DRONE UP,,
CAMERA,DRONE CAMERA,TRANSLATE DRONE LEFT (LOCKABLE),,
CAMERA,DRONE CAMERA,TRANSLATE DRONE RIGHT (LOCKABLE),,
CAMERA,DRONE CAMERA,TRANSLATE DRONE DOWN (LOCKABLE),,
CAMERA,DRONE CAMERA,TRANSLATE DRONE UP (LOCKABLE),,
CAMERA,DRONE CAMERA,TRANSLATE DRONE BACKWARD (LOCKABLE),,
CAMERA,DRONE CAMERA,TRANSLATE DRONE FORWARD (LOCKABLE),,
CAMERA,DRONE CAMERA,PITCH DRONE DOWN,,
CAMERA,DRONE CAMERA,ROLL DRONE RIGHT,,
CAMERA,DRONE CAMERA,PITCH DRONE UP,,
CAMERA,DRONE CAMERA,YAW DRONE LEFT,,
CAMERA,DRONE CAMERA,YAW DRONE RIGHT,,
CAMERA,DRONE CAMERA,ROLL DRONE LEFT,,
CAMERA,DRONE CAMERA,PITCH DRONE UP (LOCKABLE),,
CAMERA,DRONE CAMERA,PITCH DRONE DOWN (LOCKABLE),,
CAMERA,DRONE CAMERA,YAW DRONE LEFT (LOCKABLE),,
CAMERA,DRONE CAMERA,YAW DRONE RIGHT (LOCKABLE),,
CAMERA,DRONE CAMERA,ROLL DRONE LEFT (LOCKABLE),,
CAMERA,DRONE CAMERA,ROLL DRONE RIGHT (LOCKABLE),,
CAMERA,DRONE CAMERA,INCREASE DRONE ZOOM,,
CAMERA,DRONE CAMERA,DECREASE DRONE ZOOM,,
CAMERA,DRONE CAMERA,TOGGLE PLANE CONTROLS,,
CAMERA,DRONE CAMERA,TOGGLE DRONE CAMERA,,
CAMERA,EXTERNAL CAMERA,RESET EXTERNAL VIEW,,
CAMERA,EXTERNAL CAMERA,TOGGLE EXTERNAL VIEW FOCUS,,
CAMERA,EXTERNAL CAMERA,EXTERNAL VIEW YAW AXIS,,
CAMERA,EXTERNAL CAMERA,EXTERNAL VIEW PITCH AXIS,,
CAMERA,EXTERNAL CAMERA,EXTERNAL VIEW YAW AXIS (LOCKABLE),,
CAMERA,EXTERNAL CAMERA,EXTERNAL VIEW PITCH AXIS (LOCKABLE),,
CAMERA,EXTERNAL CAMERA,EXTERNAL VIEW LOOK DOWN (LOCKABLE),,
CAMERA,EXTERNAL CAMERA,EXTERNAL VIEW LOOK DOWN LEFT (LOCKABLE),,
CAMERA,EXTERNAL CAMERA,EXTERNAL VIEW LOOK DOWN RIGHT (LOCKABLE),,
CAMERA,EXTERNAL CAMERA,EXTERNAL VIEW LOOK LEFT (LOCKABLE),,
CAMERA,EXTERNAL CAMERA,EXTERNAL VIEW LOOK RIGHT (LOCKABLE),,
CAMERA,EXTERNAL CAMERA,EXTERNAL VIEW LOOK UP (LOCKABLE),,
CAMERA,EXTERNAL CAMERA,EXTERNAL VIEW LOOK UP LEFT (LOCKABLE),,
CAMERA,EXTERNAL CAMERA,EXTERNAL VIEW LOOK UP RIGHT (LOCKABLE),,
CAMERA,EXTERNAL CAMERA,EXTERNAL VIEW LOOK DOWN,,
CAMERA,EXTERNAL CAMERA,EXTERNAL VIEW LOOK DOWN LEFT,,
CAMERA,EXTERNAL CAMERA,EXTERNAL VIEW LOOK DOWN RIGHT,,
CAMERA,EXTERNAL CAMERA,EXTERNAL VIEW LOOK LEFT,,
CAMERA,EXTERNAL CAMERA,EXTERNAL VIEW LOOK RIGHT,,
CAMERA,EXTERNAL CAMERA,EXTERNAL VIEW LOOK UP,,
CAMERA,EXTERNAL CAMERA,EXTERNAL VIEW LOOK UP LEFT,,
CAMERA,EXTERNAL CAMERA,EXTERNAL VIEW LOOK UP RIGHT,,
CAMERA,EXTERNAL CAMERA,EXTERNAL QUICKVIEW LEFT,,
CAMERA,EXTERNAL CAMERA,EXTERNAL QUICKVIEW REAR,,
CAMERA,EXTERNAL CAMERA,EXTERNAL QUICKVIEW RIGHT,,
CAMERA,EXTERNAL CAMERA,EXTERNAL QUICKVIEW TOP,,
CAMERA,EXTERNAL CAMERA,EXTERNAL QUICKVIEW 120° LEFT,,
CAMERA,EXTERNAL CAMERA,EXTERNAL QUICKVIEW 120° RIGHT,,
CAMERA,EXTERNAL CAMERA,EXTERNAL QUICKVIEW 45° LEFT,,
CAMERA,EXTERNAL CAMERA,EXTERNAL QUICKVIEW 45° RIGHT,,
CAMERA,EXTERNAL CAMERA,EXTERNAL VIEW ZOOM AXIS,,
CAMERA,EXTERNAL CAMERA,EXTERNAL VIEW ZOOM AXIS (LOCKABLE),,
CAMERA,EXTERNAL CAMERA,UNZOOM EXTERNAL VIEW,,
CAMERA,EXTERNAL CAMERA,EXTERNAL VIEW FREELOOK,,
CAMERA,EXTERNAL CAMERA,TOGGLE EXTERNAL VIEW FREELOOK (HOLD),,
CAMERA,EXTERNAL CAMERA,ZOOM EXTERNAL VIEW,,
CAMERA,EXTERNAL CAMERA,TOGGLE EXTERNAL VIEW,,
CAMERA,FIXED CAMERA,TOGGLE FIXED CAMERA 10,,
CAMERA,FIXED CAMERA,TOGGLE FIXED CAMERA 01,,
CAMERA,FIXED CAMERA,TOGGLE FIXED CAMERA 02,,
CAMERA,FIXED CAMERA,TOGGLE FIXED CAMERA 03,,
CAMERA,FIXED CAMERA,TOGGLE FIXED CAMERA 04,,
CAMERA,FIXED CAMERA,TOGGLE FIXED CAMERA 05,,
CAMERA,FIXED CAMERA,TOGGLE FIXED CAMERA 06,,
CAMERA,FIXED CAMERA,TOGGLE FIXED CAMERA 07,,
CAMERA,FIXED CAMERA,TOGGLE FIXED CAMERA 08,,
CAMERA,FIXED CAMERA,TOGGLE FIXED CAMERA 09,,
CAMERA,FIXED CAMERA,RESET FIXED CAMERA,,
CAMERA,FIXED CAMERA,PREVIOUS FIXED CAMERA,,
CAMERA,FIXED CAMERA,NEXT FIXED CAMERA,,
CAMERA,INSTRUMENT VIEWS,PREVIOUS INSTRUMENT VIEW,,
CAMERA,INSTRUMENT VIEWS,NEXT INSTRUMENT VIEW,,
CAMERA,INSTRUMENT VIEWS,TOGGLE INSTRUMENT VIEW AUTOSELECT,,
CAMERA,INSTRUMENT VIEWS,INSTRUMENT VIEW DOWN,,
CAMERA,INSTRUMENT VIEWS,INSTRUMENT VIEW LEFT,,
CAMERA,INSTRUMENT VIEWS,INSTRUMENT VIEW RIGHT,,
CAMERA,INSTRUMENT VIEWS,INSTRUMENT VIEW UP,,
CAMERA,INSTRUMENT VIEWS,TOGGLE INSTRUMENT VIEW FREELOOK,,
CAMERA,INSTRUMENT VIEWS,TOGGLE INSTRUMENTS VIEW FREELOOK (HOLD),,
CAMERA,INSTRUMENT VIEWS,TOGGLE INSTRUMENT VIEW 10,,
CAMERA,INSTRUMENT VIEWS,TOGGLE INSTRUMENT VIEW 1,,
CAMERA,INSTRUMENT VIEWS,TOGGLE INSTRUMENT VIEW 2,,
CAMERA,INSTRUMENT VIEWS,TOGGLE INSTRUMENT VIEW 3,,
CAMERA,INSTRUMENT VIEWS,TOGGLE INSTRUMENT VIEW 4,,
CAMERA,INSTRUMENT VIEWS,TOGGLE INSTRUMENT VIEW 5,,
CAMERA,INSTRUMENT VIEWS,TOGGLE INSTRUMENT VIEW 6,,
CAMERA,INSTRUMENT VIEWS,TOGGLE INSTRUMENT VIEW 7,,
CAMERA,INSTRUMENT VIEWS,TOGGLE INSTRUMENT VIEW 8,,
CAMERA,INSTRUMENT VIEWS,TOGGLE INSTRUMENT VIEW 9,,
CAMERA,SMART CAMERA ,SELECT NEXT POI,,
CAMERA,SMART CAMERA ,SET CUSTOM SMARTCAM TARGET,,
CAMERA,SMART CAMERA ,UNSET CUSTOM SMARTCAM TARGET,,
CAMERA,SMART CAMERA ,RESET SMARTCAM,,
CAMERA,SMART CAMERA ,NEXT SMARTCAM TARGET,,
CAMERA,SMART CAMERA ,PREVIOUS SMARTCAM TARGET,,
CAMERA,SMART CAMERA ,TOGGLE FOLLOW SMARTCAM TARGET,,
CAMERA,SMART CAMERA ,TOGGLE SMART CAMERA,,
CAMERA,SLEW MODE,SET SLEW MODE OFF,,
CAMERA,SLEW MODE,SET SLEW MODE ON,,
CAMERA,SLEW MODE,TOGGLE SLEW MODE,,
CAMERA,SLEW MODE,SLEW Z AXIS TRANSLATION,,
CAMERA,SLEW MODE,SLEW Y AXIS TRANSLATION,,
CAMERA,SLEW MODE,SLEW ROLL AXIS,,
CAMERA,SLEW MODE,SLEW YAW AXIS,,
CAMERA,SLEW MODE,SLEW PITCH AXIS,,
CAMERA,SLEW MODE,SLEW X AXIS TRANSLATION,,
CAMERA,SLEW MODE,SLEW TRANSLATE BACKWARD,,
CAMERA,SLEW MODE,SLEW TRANSLATE FORWARD,,
CAMERA,SLEW MODE,SLEW TRANSLATE DOWN (FAST),,
CAMERA,SLEW MODE,SLEW TRANSLATE DOWN (SLOW),,
CAMERA,SLEW MODE,SLEW Y AXIS TRANSLATION FREEZE,,
CAMERA,SLEW MODE,SLEW TRANSLATE DOWN,,
CAMERA,SLEW MODE,SLEW TRANSLATE UP,,
CAMERA,SLEW MODE,SLEW TRANSLATE UP (FAST),,
CAMERA,SLEW MODE,SLEW TRANSLATE UP (SLOW),,
CAMERA,SLEW MODE,SLEW ROLL LEFT,,
CAMERA,SLEW MODE,SLEW ROLL RIGHT,,
CAMERA,SLEW MODE,SLEW X AXIS TRANSLATION FREEZE,,
CAMERA,SLEW MODE,SLEW YAW LEFT,,
CAMERA,SLEW MODE,SLEW YAW RIGHT,,
CAMERA,SLEW MODE,SLEW TRANSLATE LEFT,,
CAMERA,SLEW MODE,SLEW PITCH DOWN (FAST),,
CAMERA,SLEW MODE,SLEW PITCH DOWN (SLOW),,
CAMERA,SLEW MODE,SLEW PITCH FREEZE,,
CAMERA,SLEW MODE,SLEW PITCH DOWN,,
CAMERA,SLEW MODE,SLEW PITCH UP,,
CAMERA,SLEW MODE,SLEW PITCH UP (FAST),,
CAMERA,SLEW MODE,SLEW PITCH UP (SLOW),,
CAMERA,SLEW MODE,RESET SLEW MODE,,
CAMERA,SLEW MODE,SLEW TRANSLATE RIGHT,,
CAMERA,PHOTO MODE,AUTO EXPOSURE OFF,,
CAMERA,PHOTO MODE,AUTO EXPOSURE ON,,
CAMERA,PHOTO MODE,TOGGLE AUTO EXPOSURE,,
CAMERA,PHOTO MODE,AUTO FOCUS OFF,,
CAMERA,PHOTO MODE,AUTO FOCUS ON,,
CAMERA,PHOTO MODE,TOGGLE AUTO FOCUS,,
CAMERA,PHOTO MODE,EXPOSURE AXIS,,
CAMERA,PHOTO MODE,FOCUS AXIS,,
CAMERA,PHOTO MODE,ZOOM AXIS,,
CAMERA,PHOTO MODE,EXPOSURE DECREASE,,
CAMERA,PHOTO MODE,EXPOSURE INCREASE,,
CAMERA,PHOTO MODE,FOCUS DECREASE,,
CAMERA,PHOTO MODE,FOCUS INCREASE,,
CAMERA,PHOTO MODE,TAKE PICTURE,,
CAMERA,PHOTO MODE,ZOOM OUT,,
CAMERA,PHOTO MODE,ZOOM IN,,
CAMERA,PHOTO MODE,ROTATE X AXIS,,
CAMERA,PHOTO MODE,ROTATE Y AXIS,,
CAMERA,PHOTO MODE,ROTATE Z AXIS,,
CAMERA,PHOTO MODE,PAN LEFT,,
CAMERA,PHOTO MODE,PITCH DOWN & PAN LEFT,,
CAMERA,PHOTO MODE,PITCH UP & PAN LEFT,,
CAMERA,PHOTO MODE,PAN RIGHT,,
CAMERA,PHOTO MODE,PITCH DOWN & PAN RIGHT,,
CAMERA,PHOTO MODE,PITCH UP & PAN RIGHT,,
CAMERA,PHOTO MODE,PITCH DOWN,,
CAMERA,PHOTO MODE,PITCH UP,,
CAMERA,PHOTO MODE,ROLL LEFT,,
CAMERA,PHOTO MODE,ROLL RIGHT,,
CAMERA,PHOTO MODE,RESET HORIZON,,
CAMERA,PHOTO MODE,PHOTO MODE OFF,,
CAMERA,PHOTO MODE,PHOTO MODE ON,,
CAMERA,PHOTO MODE,PHOTO MODE TOGGLE,,
CAMERA,PHOTO MODE,TRANSLATE X AXIS,,
CAMERA,PHOTO MODE,TRANSLATE Y AXIS,,
CAMERA,PHOTO MODE,TRANSLATE Z AXIS,,
CAMERA,PHOTO MODE,MOVE BACKWARD,,
CAMERA,PHOTO MODE,MOVE BACKWARD LEFT,,
CAMERA,PHOTO MODE,MOVE BACKWARD RIGHT,,
CAMERA,PHOTO MODE,MOVE DOWN,,
CAMERA,PHOTO MODE,MOVE FORWARD,,
CAMERA,PHOTO MODE,MOVE FORWARD LEFT,,
CAMERA,PHOTO MODE,MOVE FORWARD RIGHT,,
CAMERA,PHOTO MODE,MOVE LEFT,,
CAMERA,PHOTO MODE,MOVE RIGHT,,
CAMERA,PHOTO MODE,MOVE UP,,
CAMERA,REPLAY MODE,EXIT REPLAY MODE,,
CAMERA,REPLAY MODE,REPLAY NEXT BOOKMARK,,
CAMERA,REPLAY MODE,REPLAY NEXT CAMERA,,
CAMERA,REPLAY MODE,REPLAY PAUSE TOGGLE,,
CAMERA,REPLAY MODE,REPLAY PREVIOUS BOOKMARK,,
CAMERA,REPLAY MODE,REPLAY PREVIOUS CAMERA,,
CAMERA,REPLAY MODE,REPLAY RESET SPEED,,
CAMERA,REPLAY MODE,REPLAY SLOW DOWN,,
CAMERA,REPLAY MODE,REPLAY SPEED UP,,
CAMERA,TRUE COCKPIT MODE,RESET HOME COCKPIT CAMERA,,
CAMERA,TRUE COCKPIT MODE,SAVE HOME COCKPIT CAMERA,,
VR,GENERAL,VR - CAMERA RESET,,
VR,GENERAL,VR - ACTIVATE / DEACTIVATE VR MODE,,
VR,GENERAL,SWITCH PROXIMITY/RAYCAST,,
VR,GENERAL,VR - COCKPIT INTERACTION - LEFT (LOCKABLE),,
VR,GENERAL,VR - COCKPIT INTERACTION - RIGHT (LOCKABLE),,
VR,GENERAL,VR - COCKPIT FOCUS,,
VR,USER INTERFACE,SELECT,,
VR,USER INTERFACE,VR - TOOLBAR TOGGLE,,
MENY,ACCESSIBILITY,TOGGLE SCREEN NARRATOR,,
MENU,USER INTERFACE,TOOLBAR PANEL CLOSE ALL,,
MENU,USER INTERFACE,IN-FLIGHT UI PANEL - ZOOM AXIS,,
MENU,USER INTERFACE,IN-FLIGHT UI PANEL - ZOOM IN,,
MENU,USER INTERFACE,IN-FLIGHT UI PANEL - ZOOM OUT,,
MENU,USER INTERFACE,HIDE TOOLBAR,,
MENU,USER INTERFACE,SHOW TOOLBAR,,
MENU,USER INTERFACE,TOGGLE TOOLBAR,,
MENU,USER INTERFACE,SKIP RTC,,
MENU,USER INTERFACE,NEXT TOOLBAR PANEL,,
MENU,USER INTERFACE,TOOLBAR PANEL MOVE LEFT,,
MENU,USER INTERFACE,TOOLBAR PANEL MOVE RIGHT,,
MENU,USER INTERFACE,TOOLBAR PANEL MOVE UP,,
MENU,USER INTERFACE,PREVIOUS TOOLBAR PANEL,,
MENU,USER INTERFACE,TOOLBAR PANEL MOVE UP,,
MENU,USER INTERFACE,TOOLBAR PANEL DECREASE HORIZONTAL SIZE,,
MENU,USER INTERFACE,TOOLBAR PANEL INCREASE HORIZONTAL SIZE,,
MENU,USER INTERFACE,TOOLBAR PANEL DECREASE VERTICAL SIZE,,
MENU,USER INTERFACE,TOOLBAR PANEL INCREASE VERTICAL SIZE,,
COCKPIT,COCKPIT INTERACTIONS,COCKPIT INTERACTION - DECREASE,,
COCKPIT,COCKPIT INTERACTIONS,COCKPIT INTERACTION - INCREASE,,
COCKPIT,COCKPIT INTERACTIONS,COCKPIT INTERACTION - PRIMARY ACTION,,
COCKPIT,COCKPIT INTERACTIONS,VR - COCKPIT INTERACTION - LEFT,,
COCKPIT,COCKPIT INTERACTIONS,VR - COCKPIT INTERACTION - RIGHT,,
COCKPIT,COCKPIT INTERACTIONS,COCKPIT INTERACTION - SECONDARY ACTION,,
COCKPIT,COCKPIT INTERACTIONS,COCKPIT INTERACTION - TERTIARY ACTION,,
COCKPIT,COCKPIT INTERACTIONS,COCKPIT INTERACTION - X AXIS,,
COCKPIT,COCKPIT INTERACTIONS,COCKPIT INTERACTION - Y AXIS,,
COCKPIT,COCKPIT INTERACTIONS,COCKPIT INTERACTION - DECREASE (LOCKABLE),,
COCKPIT,COCKPIT INTERACTIONS,COCKPIT INTERACTION - INCREASE (LOCKABLE),,
COCKPIT,COCKPIT INTERACTIONS,COCKPIT INTERACTION - PRIMARY ACTION (LOCKABLE),,
COCKPIT,COCKPIT INTERACTIONS,COCKPIT INTERACTION - SECONDARY ACTION (LOCKABLE),,
COCKPIT,COCKPIT INTERACTIONS,COCKPIT INTERACTION - TERTIARY ACTION (LOCKABLE),,
COCKPIT,COCKPIT INTERACTIONS,COCKPIT INTERACTION X AXIS (LOCKABLE),,
COCKPIT,COCKPIT INTERACTIONS,COCKPIT INTERACTION Y AXIS (LOCKABLE),,
COCKPIT,COCKPIT INTERACTIONS,INTERACTION LOCK,,
COCKPIT,COCKPIT INTERACTIONS,INTERACTION TOGGLE,,
COCKPIT,COCKPIT INTERACTIONS,INTERACTION UNLOCK,,
COCKPIT,CURSOR,CURSOR DOWN,,
COCKPIT,CURSOR,CURSOR LEFT,,
COCKPIT,CURSOR,CURSOR RIGHT,,
COCKPIT,CURSOR,CURSOR UP,,
COCKPIT,CURSOR,CURSOR TOGGLE,,
PLAYER CHARACTER,INTERACTIONS,CHARACTER CURSOR MODE OFF,,
PLAYER CHARACTER,INTERACTIONS,CHARACTER CURSOR MODE ON,,
PLAYER CHARACTER,INTERACTIONS,CHARACTER CURSOR MODE SET,,
PLAYER CHARACTER,INTERACTIONS,CHARACTER CURSOR MODE TOGGLE,,
PLAYER CHARACTER,INTERACTIONS,CHARACTER FIRST PERSON CURSOR LOCK OFF,,
PLAYER CHARACTER,INTERACTIONS,CHARACTER FIRST PERSON CURSOR LOCK ON,,
PLAYER CHARACTER,INTERACTIONS,CHARACTER FIRST PERSON CURSOR LOCK TOGGLE,,
PLAYER CHARACTER,INTERACTIONS,TAKE CONTROL OF CHARACTER,,
PLAYER CHARACTER,INTERACTIONS,INTERACT,,
PLAYER CHARACTER,CAMERA,ROTATE X AXIS (LOCKABLE),,
PLAYER CHARACTER,CAMERA,ROTATE Y AXIS (LOCKABLE),,
PLAYER CHARACTER,CAMERA,ROTATE X AXIS,,
PLAYER CHARACTER,CAMERA,ROTATE Y AXIS,,
PLAYER CHARACTER,CAMERA,LOOK DOWN (LOCKABLE),,
PLAYER CHARACTER,CAMERA,LOOK DOWN LEFT (LOCKABLE),,
PLAYER CHARACTER,CAMERA,LOOK DOWN RIGHT (LOCKABLE),,
PLAYER CHARACTER,CAMERA,LOOK LEFT (LOCKABLE),,
PLAYER CHARACTER,CAMERA,LOOK RIGHT (LOCKABLE),,
PLAYER CHARACTER,CAMERA,LOOK UP (LOCKABLE),,
PLAYER CHARACTER,CAMERA,LOOK UP LEFT (LOCKABLE),,
PLAYER CHARACTER,CAMERA,LOOK UP RIGHT (LOCKABLE),,
PLAYER CHARACTER,CAMERA,LOOK DOWN,,
PLAYER CHARACTER,CAMERA,LOOK DOWN LEFT,,
PLAYER CHARACTER,CAMERA,LOOK DOWN RIGHT,,
PLAYER CHARACTER,CAMERA,LOOK LEFT,,
PLAYER CHARACTER,CAMERA,CAMERA RESET,,
PLAYER CHARACTER,CAMERA,LOOK RIGHT,,
PLAYER CHARACTER,CAMERA,LOOK UP,,
PLAYER CHARACTER,CAMERA,LOOK UP LEFT,,
PLAYER CHARACTER,CAMERA,LOOK UP RIGHT,,
PLAYER CHARACTER,MOVEMENT,MOVE LEFT/RIGHT AXIS,,
PLAYER CHARACTER,MOVEMENT,MOVE FORWARD/BACKWARD AXIS,,
PLAYER CHARACTER,MOVEMENT,SET CROUCH OFF,,
PLAYER CHARACTER,MOVEMENT,SET CROUCH ON,,
PLAYER CHARACTER,MOVEMENT,SET CROUCH,,
PLAYER CHARACTER,MOVEMENT,TOGGLE CROUCH,,
PLAYER CHARACTER,MOVEMENT,MOVE BACKWARD,,
PLAYER CHARACTER,MOVEMENT,MOVE BACKWARD LEFT,,
PLAYER CHARACTER,MOVEMENT,MOVE BACKWARD RIGHT,,
PLAYER CHARACTER,MOVEMENT,MOVE FORWARD,,
PLAYER CHARACTER,MOVEMENT,MOVE FORWARD LEFT,,
PLAYER CHARACTER,MOVEMENT,MOVE FORWARD RIGHT,,
PLAYER CHARACTER,MOVEMENT,STRAFE LEFT,,
PLAYER CHARACTER,MOVEMENT,STRAFE RIGHT,,
PLAYER CHARACTER,MOVEMENT,SET RUN OFF,,
PLAYER CHARACTER,MOVEMENT,SET RUN ON,,
PLAYER CHARACTER,MOVEMENT,SET RUN,,
PLAYER CHARACTER,MOVEMENT,TOGGLE RUN,,
DEVELOPER MODE,TOOLS,NEW GROUP,,
DEVELOPER MODE,TOOLS,MOVE DOWN,,
DEVELOPER MODE,TOOLS,MOVE UP,,
DEVELOPER MODE,TOOLS,RENAME,,
DEVELOPER MODE,TOOLS,ADD APRON,,
DEVELOPER MODE,TOOLS,ADD PAINTED LINE,,
DEVELOPER MODE,TOOLS,ADD PARKING,,
DEVELOPER MODE,TOOLS,ADD TAXIWAY POINT,,
DEVELOPER MODE,TOOLS,ADD RUNWAY,,
DEVELOPER MODE,TOOLS,COPY SELECTION,,
DEVELOPER MODE,TOOLS,CUT SELECTION,,
DEVELOPER MODE,TOOLS,DELETE SELECTION,,
DEVELOPER MODE,TOOLS,DUPLICATE SELECTION,,
DEVELOPER MODE,TOOLS,FIND,,
DEVELOPER MODE,TOOLS,FOCUS OBJECT,,
DEVELOPER MODE,TOOLS,HIDE ALL OBJECT,,
DEVELOPER MODE,TOOLS,HIDE ALL EDITION,,
DEVELOPER MODE,TOOLS,LOCK OBJECT,,
DEVELOPER MODE,TOOLS,PASTE SELECTION,,
DEVELOPER MODE,TOOLS,RANGE SELECTION,,
DEVELOPER MODE,TOOLS,REDO,,
DEVELOPER MODE,TOOLS,SAVE AS DOCUMENT,,
DEVELOPER MODE,TOOLS,SAVE DOCUMENT,,
DEVELOPER MODE,TOOLS,GIZMO SCALE,,
DEVELOPER MODE,TOOLS,TOGGLE SIM PAUSE,,
DEVELOPER MODE,TOOLS,SPARSE SELECTION,,
DEVELOPER MODE,TOOLS,SPLIT EDGE,,
DEVELOPER MODE,TOOLS,HIDE SELECTED,,
DEVELOPER MODE,TOOLS,HIDE SELECTED EDITION,,
DEVELOPER MODE,TOOLS,LOCK SELECTED,,
DEVELOPER MODE,TOOLS,UNDO,,
DEVELOPER MODE,TOOLS,UNGROUP,,
DEVELOPER MODE,TOOLS,VALIDATE,,
DEVELOPER MODE,TOOLS,HIDE LOCK WINDOW,,
DEVELOPER MODE,USER INTERFACE,CLOSE DOCUMENT,,
DEVELOPER MODE,USER INTERFACE,TOGGLE CONSOLE,,
DEVELOPER MODE,USER INTERFACE,NEW DOCUMENT,,
DEVELOPER MODE,USER INTERFACE,OPEN DOCUMENT,,
DEVELOPER MODE,CAMERA,GIZMO ROTATE,,
DEVELOPER MODE,CAMERA,GIZMO TRANSLATE,,
DEVELOPER MODE,CAMERA,TOGGLE ABSOLUTE/RELATIVE DEVCAM MODE,,
DEVELOPER MODE,CAMERA,SET DEVCAM X-AXIS ROTATION,,
DEVELOPER MODE,CAMERA,SET DEVCAM Y-AXIS ROTATION,,
DEVELOPER MODE,CAMERA,SET DEVCAM Z-AXIS ROTATION,,
DEVELOPER MODE,CAMERA,SET DEVCAM X-AXIS TRANSLATION,,
DEVELOPER MODE,CAMERA,SET DEVCAM Y-AXIS TRANSLATION,,
DEVELOPER MODE,CAMERA,SET DEVCAM Z-AXIS TRANSLATION,,
DEVELOPER MODE,CAMERA,SET DEVCAM ZOOM,,
DEVELOPER MODE,CAMERA,FIT DEVCAM TO TARGET,,
DEVELOPER MODE,CAMERA,DEVCAM ROTATION SPEED 1,,
DEVELOPER MODE,CAMERA,DEVCAM ROTATION SPEED 2,,
DEVELOPER MODE,CAMERA,DEVCAM ROTATION SPEED 3,,
DEVELOPER MODE,CAMERA,DEVCAM ROTATION SPEED 4,,
DEVELOPER MODE,CAMERA,NEXT DEVCAM ROTATION SPEED,,
DEVELOPER MODE,CAMERA,PREVIOUS DEVCAM ROTATION SPEED,,
DEVELOPER MODE,CAMERA,DECREASE DEVCAM X-AXIS ROTATION,,
DEVELOPER MODE,CAMERA,INCREASE DEVCAM X-AXIS ROTATION,,
DEVELOPER MODE,CAMERA,DECREASE DEVCAM Y-AXIS ROTATION,,
DEVELOPER MODE,CAMERA,INCREASE DEVCAM Y-AXIS ROTATION,,
DEVELOPER MODE,CAMERA,DECREASE DEVCAM Z-AXIS ROTATION,,
DEVELOPER MODE,CAMERA,INCREASE DEVCAM Z-AXIS ROTATION,,
DEVELOPER MODE,CAMERA,RESET DEVCAM Z-AXIS ROTATION,,
DEVELOPER MODE,CAMERA,SET DEVCAM TARGET OBJECT,,
DEVELOPER MODE,CAMERA,DEVCAM TRANSLATION SPEED 1,,
DEVELOPER MODE,CAMERA,DEVCAM TRANSLATION SPEED 2,,
DEVELOPER MODE,CAMERA,DEVCAM TRANSLATION SPEED 3,,
DEVELOPER MODE,CAMERA,DEVCAM TRANSLATION SPEED 4,,
DEVELOPER MODE,CAMERA,NEXT DEVCAM TRANSLATION SPEED,,
DEVELOPER MODE,CAMERA,PREVIOUS DEVCAM TRANSLATION SPEED,,
DEVELOPER MODE,CAMERA,DECREASE DEVCAM X-AXIS TRANSLATION,,
DEVELOPER MODE,CAMERA,INCREASE DEVCAM X-AXIS TRANSLATION,,
DEVELOPER MODE,CAMERA,DECREASE DEVCAM Y-AXIS TRANSLATION,,
DEVELOPER MODE,CAMERA,INCREASE DEVCAM Y-AXIS TRANSLATION,,
DEVELOPER MODE,CAMERA,DECREASE DEVCAM Z-AXIS TRANSLATION,,
DEVELOPER MODE,CAMERA,INCREASE DEVCAM Z-AXIS TRANSLATION,,
DEVELOPER MODE,CAMERA,DECREASE DEVCAM ZOOM,,
DEVELOPER MODE,CAMERA,INCREASE DEVCAM ZOOM,,
DEVELOPER MODE,CAMERA,RESET DEVCAM ZOOM,,
DEVELOPER MODE,CAMERA,DEVELOPER CAMERA LOOK AT,,
DEVELOPER MODE,CAMERA,DEVELOPER CAMERA TRANSLATION,,
DEVELOPER MODE,CAMERA,DEVELOPER CAMERA ZOOM IN,,
DEVELOPER MODE,CAMERA,DEVELOPER CAMERA ZOOM OUT,,
